FirstName,LastName,Gender,Birthdate,External_Id__c
Diane,Adams,Female,1988-04-11,W_User.3
Anna,Ray,Female,1988-12-06,W_User.12
Benjamin,Coleman,Male,1990-10-17,W_User.12
Alan,Gonzalez,Male,1980-04-05,W_User.11
Debra,Sanchez,Female,1981-05-08,W_User.10
Karen,Frazier,Female,1987-05-05,W_User.2
Christine,Harper,Female,1982-06-05,W_User.12
Andrew,Fernandez,Male,1980-11-08,W_User.3
Carlos,Ellis,Male,1983-03-06,W_User.9
Eugene,Banks,Male,1990-05-08,W_User.11
Lori,Bennett,Female,1987-01-28,W_User.18
Anna,Graham,Female,1980-11-03,W_User.5
Alice,Coleman,Female,1986-05-23,W_User.9
Evelyn,Romero,Female,1987-09-19,W_User.14
Paula,Myers,Female,1985-12-24,W_User.9
Lawrence,Gordon,Male,1984-01-30,W_User.13
Randy,Chapman,Male,1982-04-29,W_User.3
Kimberly,Wallace,Female,1988-02-12,W_User.15
Ruby,Bradley,Female,1984-11-15,W_User.5
Donna,Gardner,Female,1980-03-14,W_User.6
Victor,White,Male,1985-02-25,W_User.17
Ruth,Ferguson,Female,1987-09-10,W_User.14
Sandra,Jordan,Female,1990-06-08,W_User.8
Jack,Moreno,Male,1981-05-07,W_User.14
Jessica,Moreno,Female,1980-12-31,W_User.19
Arthur,Gray,Male,1984-08-16,W_User.19
Joyce,Gonzales,Female,1982-03-12,W_User.14
Jose,Green,Male,1980-07-01,W_User.8
Gary,Hernandez,Male,1988-06-13,W_User.8
Russell,Perry,Male,1982-06-02,W_User.9
David,Torres,Male,1986-07-29,W_User.1
Lisa,Evans,Female,1983-04-11,W_User.3
Charles,Hunt,Male,1986-07-30,W_User.20
Andrea,Banks,Female,1990-01-20,W_User.15
Antonio,Duncan,Male,1989-01-12,W_User.17
Gloria,Hunt,Female,1984-07-09,W_User.4
Jean,Palmer,Female,1990-07-20,W_User.6
Phillip,Hawkins,Male,1989-04-02,W_User.16
Frank,Gonzalez,Male,1984-06-15,W_User.4
Jimmy,Miller,Male,1988-07-14,W_User.6
Cynthia,Sullivan,Female,1987-07-24,W_User.18
Diana,Wilson,Female,1988-06-26,W_User.3
Sarah,Peterson,Female,1981-07-11,W_User.10
Alan,Stevens,Male,1982-09-29,W_User.7
Michael,Gonzales,Male,1989-06-03,W_User.2
Lillian,Reynolds,Female,1986-11-03,W_User.20
Brian,Spencer,Male,1983-12-03,W_User.17
Terry,Freeman,Male,1980-10-03,W_User.1
Paula,Hansen,Female,1988-12-14,W_User.8
Charles,Thompson,Male,1988-07-04,W_User.7
Paula,Cunningham,Female,1990-08-06,W_User.12
Patrick,Chapman,Male,1990-08-07,W_User.1
Kelly,Peters,Female,1987-12-08,W_User.15
Ashley,Alvarez,Female,1985-03-05,W_User.4
Kathleen,Hernandez,Female,1986-04-13,W_User.8
Diane,Dunn,Female,1990-06-24,W_User.12
William,Harrison,Male,1982-06-04,W_User.13
Jean,Cox,Female,1989-02-04,W_User.20
Lawrence,Weaver,Male,1983-11-05,W_User.5
Anna,Ramirez,Female,1987-03-06,W_User.3
Bobby,Gibson,Male,1984-05-31,W_User.9
Cynthia,Hill,Female,1985-10-18,W_User.4
Cynthia,Ramos,Female,1987-01-12,W_User.14
Alice,Myers,Female,1980-05-01,W_User.12
Chris,Garza,Male,1989-06-29,W_User.16
Irene,Webb,Female,1980-03-08,W_User.2
Marilyn,Romero,Female,1988-07-23,W_User.15
Christopher,Lynch,Male,1984-01-26,W_User.1
Maria,Foster,Female,1990-02-16,W_User.5
Samuel,Payne,Male,1987-09-19,W_User.8
Heather,Day,Female,1989-09-24,W_User.19
Christine,Nelson,Female,1990-08-02,W_User.20
Elizabeth,Martin,Female,1986-04-22,W_User.1
Adam,Brooks,Male,1984-02-18,W_User.7
Jimmy,Carroll,Male,1984-10-09,W_User.2
Carol,Bishop,Female,1987-08-21,W_User.6
Jack,Meyer,Male,1983-11-12,W_User.9
Annie,Walker,Female,1989-01-22,W_User.4
Ashley,Weaver,Female,1981-02-22,W_User.13
Brenda,Jones,Female,1989-11-10,W_User.15
Tammy,Rogers,Female,1982-05-29,W_User.14
Jessica,Wagner,Female,1985-10-15,W_User.13
Kenneth,Morrison,Male,1980-10-20,W_User.8
Denise,Cook,Female,1986-08-02,W_User.11
Annie,Simmons,Female,1989-01-26,W_User.11
Judy,Vasquez,Female,1985-06-10,W_User.8
Rose,Carpenter,Female,1980-12-06,W_User.5
Donald,Morris,Male,1989-01-11,W_User.9
Antonio,Gibson,Male,1988-05-09,W_User.3
Martin,Mitchell,Male,1987-10-10,W_User.8
Doris,Morales,Female,1982-05-05,W_User.8
Craig,Cole,Male,1986-05-03,W_User.2
Amy,Freeman,Female,1984-06-30,W_User.16
Theresa,Franklin,Female,1988-11-08,W_User.1
Douglas,Howard,Male,1984-02-06,W_User.3
Emily,Andrews,Female,1988-01-27,W_User.9
Bonnie,Carr,Female,1988-11-15,W_User.20
Teresa,Hart,Female,1980-10-10,W_User.10
Evelyn,Holmes,Female,1985-10-02,W_User.4
Raymond,Foster,Male,1982-09-09,W_User.13
Ernest,Davis,Male,1984-01-21,W_User.6
Kelly,Lane,Female,1986-03-21,W_User.17
Jennifer,Fuller,Female,1986-01-11,W_User.15
Gloria,Fields,Female,1986-02-19,W_User.12
Brandon,Stephens,Male,1982-11-28,W_User.7
Jonathan,Carr,Male,1987-12-05,W_User.4
Juan,Owens,Male,1986-08-27,W_User.9
David,Bennett,Male,1984-05-13,W_User.7
Doris,Johnson,Female,1988-02-05,W_User.1
Sandra,Hernandez,Female,1985-01-15,W_User.3
Willie,Peters,Male,1988-10-02,W_User.15
Joe,Elliott,Male,1989-01-03,W_User.16
Lois,Knight,Female,1989-10-01,W_User.12
Scott,Myers,Male,1984-05-24,W_User.2
Ashley,Butler,Female,1988-10-28,W_User.2
Benjamin,Wood,Male,1982-02-15,W_User.7
Joan,Williamson,Female,1983-03-26,W_User.15
Martha,Carroll,Female,1990-08-21,W_User.13
Mark,Olson,Male,1986-04-21,W_User.15
Wayne,Jones,Male,1985-12-15,W_User.3
Steve,Bell,Male,1986-12-12,W_User.5
Carlos,Murphy,Male,1986-06-08,W_User.8
Jeffrey,Bailey,Male,1980-05-31,W_User.19
Nancy,Dunn,Female,1983-06-19,W_User.3
Christopher,Reynolds,Male,1981-12-30,W_User.3
Karen,Jones,Female,1982-05-08,W_User.8
Amanda,Webb,Female,1981-09-08,W_User.18
Albert,Parker,Male,1985-05-22,W_User.11
Victor,Hicks,Male,1988-06-06,W_User.17
Matthew,Washington,Male,1986-04-19,W_User.12
Victor,Riley,Male,1988-02-20,W_User.14
Lawrence,Jacobs,Male,1986-03-14,W_User.12
Antonio,Ross,Male,1980-04-18,W_User.8
Shirley,Johnson,Female,1990-09-24,W_User.11
Ruby,Grant,Female,1984-02-02,W_User.17
Deborah,Parker,Female,1989-08-26,W_User.15
Adam,Hill,Male,1987-03-05,W_User.13
Teresa,Armstrong,Female,1988-11-09,W_User.1
Andrea,Rodriguez,Female,1989-07-25,W_User.14
Todd,Hunter,Male,1989-08-24,W_User.5
Randy,Willis,Male,1983-09-01,W_User.16
Matthew,Cole,Male,1989-04-25,W_User.15
Stephen,Ellis,Male,1989-05-29,W_User.7
Andrea,Dunn,Female,1988-07-24,W_User.6
Rachel,Lopez,Female,1988-05-12,W_User.19
Wanda,Jordan,Female,1980-01-20,W_User.13
Emily,Sanders,Female,1981-08-07,W_User.3
Denise,Mendoza,Female,1984-10-17,W_User.15
Jonathan,Nguyen,Male,1989-03-05,W_User.11
Ralph,Mitchell,Male,1984-09-12,W_User.17
Donald,Crawford,Male,1980-11-06,W_User.5
Betty,Olson,Female,1980-12-25,W_User.1
Ruth,Lopez,Female,1980-11-25,W_User.12
Jonathan,Hart,Male,1980-12-31,W_User.6
Peter,Black,Male,1989-12-16,W_User.15
Kathy,Weaver,Female,1981-05-22,W_User.16
Richard,Gonzales,Male,1982-08-24,W_User.3
Jesse,Wright,Male,1989-05-17,W_User.1
Brenda,Wagner,Female,1989-08-07,W_User.17
Jennifer,Mcdonald,Female,1988-02-21,W_User.19
Lori,Pierce,Female,1987-07-07,W_User.12
Bruce,Morris,Male,1987-06-21,W_User.9
Matthew,Jackson,Male,1985-03-16,W_User.3
Todd,Henderson,Male,1990-08-11,W_User.8
Ruth,Cruz,Female,1985-04-25,W_User.12
Marie,Ruiz,Female,1990-07-11,W_User.4
Mark,Williams,Male,1987-03-01,W_User.11
Annie,Lawrence,Female,1990-08-24,W_User.1
Kimberly,Griffin,Female,1980-04-17,W_User.20
Bonnie,Bowman,Female,1988-03-21,W_User.16
Phyllis,Anderson,Female,1983-01-21,W_User.19
Martin,Howell,Male,1981-01-08,W_User.9
Christopher,Cox,Male,1987-09-22,W_User.17
Martin,Robinson,Male,1981-03-07,W_User.17
Christine,Bryant,Female,1987-02-07,W_User.19
Martha,Kelly,Female,1981-07-13,W_User.2
Stephen,Stanley,Male,1989-04-29,W_User.11
William,Ellis,Male,1988-12-06,W_User.9
Cheryl,Bennett,Female,1983-04-19,W_User.3
Wanda,Diaz,Female,1986-11-10,W_User.14
Craig,Wood,Male,1984-10-26,W_User.3
Terry,Ford,Male,1982-04-06,W_User.19
Jesse,Fields,Male,1984-12-11,W_User.11
Brenda,Fisher,Female,1989-02-28,W_User.15
Matthew,Hudson,Male,1988-05-07,W_User.16
Willie,Flores,Male,1983-06-04,W_User.7
Nicholas,Perkins,Male,1985-12-19,W_User.20
Cheryl,Robertson,Female,1988-02-01,W_User.13
Joshua,Mccoy,Male,1984-06-04,W_User.14
Dorothy,Black,Female,1988-06-20,W_User.12
Paula,Gray,Female,1986-09-05,W_User.10
Harold,Dixon,Male,1982-11-04,W_User.18
Kathryn,Watson,Female,1982-06-22,W_User.6
Christopher,Sullivan,Male,1987-09-24,W_User.17
Nicholas,Romero,Male,1982-02-09,W_User.12
Kimberly,Berry,Female,1990-01-24,W_User.15
Carolyn,Duncan,Female,1980-08-18,W_User.12
Kevin,Bell,Male,1989-02-07,W_User.19
Daniel,Miller,Male,1986-06-11,W_User.13
Clarence,Stephens,Male,1980-03-07,W_User.5
Billy,Mcdonald,Male,1988-06-01,W_User.14
Walter,Wood,Male,1989-07-22,W_User.1
Scott,Kim,Male,1984-06-09,W_User.13
Julie,Ross,Female,1984-07-21,W_User.8
Brian,Duncan,Male,1986-02-28,W_User.4
Michelle,Hart,Female,1980-07-31,W_User.5
Cynthia,Long,Female,1987-12-28,W_User.7
Kimberly,Cole,Female,1986-02-22,W_User.20
Kathy,Wilson,Female,1985-03-22,W_User.1
Kenneth,Williamson,Male,1989-09-06,W_User.8
Ruby,Jackson,Female,1982-06-08,W_User.4
Bobby,Payne,Male,1987-01-12,W_User.17
Gregory,Warren,Male,1984-12-27,W_User.16
Maria,Hart,Female,1988-11-10,W_User.14
Kathy,Nguyen,Female,1988-09-02,W_User.14
Jean,Tucker,Female,1985-06-08,W_User.15
Teresa,Andrews,Female,1990-01-05,W_User.5
Michael,Lane,Male,1987-04-18,W_User.4
James,Lawson,Male,1982-05-04,W_User.3
Jeffrey,Daniels,Male,1982-12-27,W_User.18
Christina,Rogers,Female,1989-07-16,W_User.16
Juan,James,Male,1983-10-11,W_User.19
Harold,Crawford,Male,1981-11-16,W_User.10
Stephen,Welch,Male,1983-02-16,W_User.17
Gary,Nguyen,Male,1981-04-21,W_User.13
Cheryl,Pierce,Female,1983-10-26,W_User.4
Benjamin,Garrett,Male,1984-06-16,W_User.12
Victor,Dixon,Male,1984-01-07,W_User.13
Diana,Lawson,Female,1989-06-12,W_User.1
Shawn,Dunn,Male,1984-07-13,W_User.12
Carl,Smith,Male,1981-08-01,W_User.12
Earl,Howard,Male,1985-12-25,W_User.4
Jack,Montgomery,Male,1985-05-23,W_User.8
Nicole,Thompson,Female,1989-02-11,W_User.14
Richard,Williamson,Male,1985-02-21,W_User.2
Cheryl,Washington,Female,1981-03-12,W_User.3
Catherine,Reed,Female,1985-05-07,W_User.9
Melissa,Kelly,Female,1990-03-20,W_User.7
Michael,Moreno,Male,1980-11-10,W_User.20
Julia,Tucker,Female,1984-12-03,W_User.15
Henry,Mason,Male,1983-01-19,W_User.20
Brenda,Wilson,Female,1987-06-18,W_User.13
Diane,Black,Female,1982-12-12,W_User.1
Roy,Kelley,Male,1984-12-08,W_User.19
Craig,Allen,Male,1981-07-25,W_User.4
Shawn,Morgan,Male,1989-08-11,W_User.11
Carl,Walker,Male,1980-05-31,W_User.2
Victor,Foster,Male,1986-11-03,W_User.9
Ryan,Austin,Male,1980-03-13,W_User.8
Barbara,King,Female,1988-08-03,W_User.8
Chris,Medina,Male,1982-09-04,W_User.17
Jesse,Moreno,Male,1986-09-28,W_User.20
Deborah,Morales,Female,1990-05-18,W_User.20
Jason,Reyes,Male,1990-10-30,W_User.16
Robin,Russell,Female,1981-08-31,W_User.17
Stephanie,Howell,Female,1981-11-26,W_User.2
Matthew,Reyes,Male,1988-04-02,W_User.6
Julie,Hanson,Female,1989-09-13,W_User.13
Jeremy,Morrison,Male,1988-11-21,W_User.7
Catherine,Jacobs,Female,1986-07-14,W_User.8
Brian,Henry,Male,1988-07-20,W_User.9
Thomas,Hunter,Male,1989-01-18,W_User.6
Gerald,King,Male,1990-08-12,W_User.14
Donna,Duncan,Female,1984-07-04,W_User.7
Carolyn,Hansen,Female,1985-04-21,W_User.16
Brian,Patterson,Male,1981-01-29,W_User.9
Craig,Martinez,Male,1983-06-04,W_User.13
David,Adams,Male,1980-07-10,W_User.6
Carolyn,Stewart,Female,1984-03-17,W_User.3
Justin,Shaw,Male,1984-10-26,W_User.20
Victor,West,Male,1986-08-12,W_User.1
Kathleen,Harper,Female,1985-04-27,W_User.15
Heather,Hill,Female,1984-08-17,W_User.15
Juan,Murphy,Male,1986-08-05,W_User.5
Alan,Mitchell,Male,1982-09-02,W_User.8
Joshua,Wheeler,Male,1989-01-28,W_User.12
Larry,Lewis,Male,1989-01-12,W_User.6
Jason,Bryant,Male,1990-04-06,W_User.15
Julia,Bryant,Female,1984-02-06,W_User.10
Ashley,Morgan,Female,1987-04-07,W_User.9
Andrea,Kennedy,Female,1980-02-27,W_User.5
Christine,Lane,Female,1981-05-14,W_User.18
Sean,White,Male,1982-03-28,W_User.1
Ronald,Peters,Male,1984-04-11,W_User.20
Andrew,Dunn,Male,1989-02-22,W_User.9
Stephanie,Ryan,Female,1983-09-05,W_User.14
Carl,Harper,Male,1986-10-25,W_User.17
Katherine,Stevens,Female,1986-11-05,W_User.2
Pamela,Watkins,Female,1980-09-20,W_User.7
David,Freeman,Male,1990-02-21,W_User.19
Rachel,Lee,Female,1984-06-07,W_User.8
Ralph,Hawkins,Male,1980-12-04,W_User.15
Andrea,Butler,Female,1981-12-21,W_User.10
Sara,Thomas,Female,1980-02-16,W_User.5
Paula,Hansen,Female,1988-02-22,W_User.19
Karen,West,Female,1984-12-04,W_User.12
Sharon,Cruz,Female,1982-09-22,W_User.18
Lawrence,Gray,Male,1987-02-22,W_User.19
Frances,Jordan,Female,1986-02-11,W_User.12
Christine,Sanchez,Female,1983-05-20,W_User.4
Russell,Palmer,Male,1983-11-01,W_User.8
Christopher,Ford,Male,1982-06-10,W_User.19
Nicholas,Watkins,Male,1989-06-08,W_User.3
Kevin,Fields,Male,1980-02-15,W_User.12
Ashley,Gibson,Female,1980-06-12,W_User.1
Scott,Ellis,Male,1986-08-28,W_User.15
Scott,Owens,Male,1987-08-29,W_User.2
Deborah,Daniels,Female,1984-11-24,W_User.5
Jonathan,Harper,Male,1987-03-08,W_User.7
Lawrence,Hernandez,Male,1985-03-29,W_User.7
Rose,Medina,Female,1987-07-23,W_User.4
Martin,Alexander,Male,1990-07-27,W_User.7
Ann,Sullivan,Female,1987-05-06,W_User.11
Julie,Gutierrez,Female,1984-09-14,W_User.4
Shawn,Brooks,Male,1987-10-12,W_User.18
Lori,Wells,Female,1989-01-27,W_User.19
Judith,Gonzalez,Female,1985-07-13,W_User.10
Cheryl,Richardson,Female,1985-01-24,W_User.17
Karen,Gilbert,Female,1982-04-26,W_User.7
Edward,White,Male,1990-12-24,W_User.9
Sean,Mccoy,Male,1983-08-26,W_User.15
Karen,Medina,Female,1988-01-12,W_User.19
Keith,Hayes,Male,1990-04-18,W_User.5
Lori,Bowman,Female,1990-12-13,W_User.18
Cheryl,Reyes,Female,1987-10-26,W_User.9
Sarah,Meyer,Female,1981-06-19,W_User.12
Susan,Garcia,Female,1986-04-13,W_User.6
Tammy,Cole,Female,1984-07-21,W_User.20
Donna,Garcia,Female,1989-07-15,W_User.9
Daniel,Lawson,Male,1988-07-27,W_User.6
Louis,James,Male,1988-09-10,W_User.18
John,Campbell,Male,1988-05-13,W_User.17
Roger,Ferguson,Male,1988-05-27,W_User.12
Wayne,Reynolds,Male,1987-11-03,W_User.1
Frank,Gordon,Male,1980-09-19,W_User.7
Carol,Grant,Female,1984-04-09,W_User.11
Anna,Stanley,Female,1981-10-12,W_User.6
Tammy,Howard,Female,1981-06-26,W_User.14
Debra,Phillips,Female,1983-03-19,W_User.7
Andrea,Nguyen,Female,1988-03-07,W_User.16
Brian,Ellis,Male,1981-08-06,W_User.1
Wayne,Murray,Male,1987-08-16,W_User.13
Anna,Bailey,Female,1987-06-10,W_User.9
Doris,Sims,Female,1985-04-15,W_User.19
Sharon,Gomez,Female,1990-01-03,W_User.11
Peter,Warren,Male,1981-01-15,W_User.2
Norma,Garcia,Female,1990-06-21,W_User.11
Donna,King,Female,1984-02-24,W_User.20
Irene,Washington,Female,1986-11-10,W_User.16
Henry,Crawford,Male,1980-10-30,W_User.18
Brenda,Coleman,Female,1982-03-09,W_User.20
Phyllis,Vasquez,Female,1987-07-29,W_User.18
Jean,Ellis,Female,1982-05-24,W_User.9
Harry,Harrison,Male,1980-08-28,W_User.5
Stephen,Evans,Male,1984-01-17,W_User.1
Earl,Cunningham,Male,1988-07-13,W_User.15
Laura,Hansen,Female,1988-09-22,W_User.16
Juan,Schmidt,Male,1980-02-29,W_User.10
Nicole,Coleman,Female,1988-09-07,W_User.7
Paula,Banks,Female,1990-11-15,W_User.7
Jacqueline,Austin,Female,1986-07-30,W_User.4
Charles,Murray,Male,1980-07-06,W_User.5
Gary,Carr,Male,1990-09-16,W_User.13
Ernest,Reynolds,Male,1988-04-16,W_User.12
Larry,Fowler,Male,1988-11-09,W_User.15
Martin,Johnson,Male,1980-02-17,W_User.20
Beverly,Reynolds,Female,1981-09-05,W_User.6
Kathryn,Martin,Female,1985-12-06,W_User.4
Jessica,Lawson,Female,1986-04-18,W_User.12
Margaret,Franklin,Female,1988-08-21,W_User.18
Gregory,Jordan,Male,1981-02-24,W_User.13
Doris,Davis,Female,1982-12-03,W_User.5
Ruth,Garcia,Female,1990-10-04,W_User.9
Kathy,Graham,Female,1984-04-22,W_User.16
Paula,Kennedy,Female,1990-08-18,W_User.14
Victor,Garza,Male,1987-12-29,W_User.4
Jose,Patterson,Male,1988-12-14,W_User.1
Ashley,Price,Female,1985-06-03,W_User.6
Steve,Willis,Male,1980-02-22,W_User.18
Janet,Hamilton,Female,1983-01-10,W_User.4
Ann,Jones,Female,1980-09-15,W_User.20
Jonathan,Chapman,Male,1980-12-09,W_User.6
Margaret,Gordon,Female,1990-06-29,W_User.14
Heather,Welch,Female,1990-12-07,W_User.1
Christina,Fields,Female,1988-02-04,W_User.9
Justin,Cruz,Male,1981-08-08,W_User.6
Joshua,Woods,Male,1985-10-18,W_User.4
Barbara,Gutierrez,Female,1980-06-12,W_User.13
Lois,George,Female,1982-05-31,W_User.6
Ruby,Harper,Female,1984-07-13,W_User.16
Bonnie,Reid,Female,1984-02-21,W_User.11
Anthony,Hicks,Male,1982-04-30,W_User.13
Deborah,Jordan,Female,1981-09-21,W_User.18
Mark,Black,Male,1982-09-30,W_User.16
Ryan,Young,Male,1988-10-29,W_User.11
Carl,Hayes,Male,1987-04-08,W_User.1
Kevin,Scott,Male,1987-01-24,W_User.1
Jeremy,Freeman,Male,1987-01-22,W_User.14
Dorothy,Watson,Female,1983-08-03,W_User.8
Samuel,Lynch,Male,1989-03-31,W_User.19
Craig,Castillo,Male,1986-06-21,W_User.17
Cheryl,Shaw,Female,1983-01-29,W_User.20
Jimmy,Chavez,Male,1985-02-21,W_User.1
Joe,Daniels,Male,1982-06-08,W_User.16
Robin,Dixon,Female,1987-03-25,W_User.15
Michael,Hill,Male,1982-07-26,W_User.20
Tina,Ramirez,Female,1980-06-08,W_User.13
George,Wallace,Male,1990-06-10,W_User.13
Teresa,Cooper,Female,1986-06-29,W_User.1
Patrick,Hawkins,Male,1983-08-30,W_User.17
Adam,Gonzalez,Male,1988-03-24,W_User.17
Ryan,Ward,Male,1989-07-23,W_User.8
Lawrence,Bowman,Male,1988-06-04,W_User.14
Ernest,Fisher,Male,1990-08-26,W_User.1
Jean,Johnston,Female,1985-12-09,W_User.13
Betty,Howard,Female,1988-07-17,W_User.10
Kimberly,Black,Female,1983-08-12,W_User.17
Benjamin,Wheeler,Male,1985-05-14,W_User.5
Mark,Carroll,Male,1984-07-16,W_User.20
Jonathan,Chapman,Male,1982-10-08,W_User.11
Randy,Dixon,Male,1984-06-09,W_User.8
Tina,Harrison,Female,1990-07-25,W_User.4
Joshua,Henry,Male,1988-05-09,W_User.7
Nancy,Berry,Female,1986-07-07,W_User.13
Brandon,Washington,Male,1989-12-08,W_User.6
Virginia,Fox,Female,1987-07-18,W_User.2
Ryan,Robertson,Male,1989-12-17,W_User.9
Gary,Ray,Male,1986-04-03,W_User.13
Clarence,Bennett,Male,1989-12-02,W_User.2
Roger,Barnes,Male,1987-03-13,W_User.18
Jacqueline,Harvey,Female,1986-05-03,W_User.8
Tammy,Woods,Female,1984-01-21,W_User.14
Roy,Foster,Male,1981-07-14,W_User.17
Paul,Price,Male,1990-06-10,W_User.11
Nicole,Lane,Female,1981-07-05,W_User.18
Lawrence,Green,Male,1986-10-24,W_User.16
Ann,Montgomery,Female,1989-01-22,W_User.14
Anne,Washington,Female,1985-12-13,W_User.20
Craig,James,Male,1981-07-03,W_User.3
Arthur,Richardson,Male,1985-08-24,W_User.10
Ronald,Mendoza,Male,1988-01-06,W_User.13
Ruth,Cox,Female,1987-11-09,W_User.9
Bobby,Sullivan,Male,1987-06-16,W_User.1
Christina,Walker,Female,1989-11-18,W_User.1
Sean,Sanders,Male,1981-04-01,W_User.3
Steven,Alvarez,Male,1982-03-30,W_User.19
Roy,Romero,Male,1990-01-14,W_User.2
Doris,Fields,Female,1986-02-10,W_User.12
Jeremy,Knight,Male,1986-03-02,W_User.13
Louis,Hayes,Male,1982-02-09,W_User.9
Norma,Grant,Female,1982-12-18,W_User.10
Janet,George,Female,1985-08-14,W_User.10
Roy,Cooper,Male,1988-08-17,W_User.17
Matthew,Collins,Male,1985-01-01,W_User.14
Rose,West,Female,1983-12-29,W_User.18
Betty,Campbell,Female,1980-05-09,W_User.10
Kathy,Cooper,Female,1981-03-09,W_User.17
Jonathan,Powell,Male,1985-10-03,W_User.5
Eric,Powell,Male,1985-02-10,W_User.17
Brandon,Harper,Male,1983-12-29,W_User.15
Roger,Riley,Male,1987-02-05,W_User.10
Rachel,Knight,Female,1980-08-26,W_User.20
Beverly,Perez,Female,1989-05-25,W_User.4
Timothy,Lane,Male,1983-04-25,W_User.17
Aaron,Hill,Male,1985-10-02,W_User.17
Peter,West,Male,1984-10-03,W_User.8
Sharon,Dean,Female,1980-12-25,W_User.3
Lois,Smith,Female,1987-03-22,W_User.20
Jacqueline,Wilson,Female,1981-06-05,W_User.19
Arthur,Henry,Male,1982-10-20,W_User.17
Lori,Shaw,Female,1980-05-08,W_User.10
Janice,Wagner,Female,1990-06-25,W_User.11
Stephanie,Butler,Female,1990-02-27,W_User.3
Louise,Hall,Female,1982-10-25,W_User.8
Earl,Brown,Male,1989-11-10,W_User.12
Arthur,Bailey,Male,1982-03-08,W_User.11
Janet,Fisher,Female,1988-10-04,W_User.15
Willie,Tucker,Male,1989-06-06,W_User.2
Howard,Richardson,Male,1986-09-29,W_User.12
Alice,Andrews,Female,1980-11-25,W_User.5
Edward,Mitchell,Male,1983-04-30,W_User.10
Rose,Gibson,Female,1982-04-20,W_User.11
Sara,Wright,Female,1988-12-23,W_User.7
Raymond,Martinez,Male,1983-12-28,W_User.17
Robin,Austin,Female,1988-02-26,W_User.6
Dennis,Moore,Male,1988-09-26,W_User.20
Philip,Schmidt,Male,1984-01-06,W_User.12
Terry,Wallace,Male,1983-05-07,W_User.13
Karen,Tucker,Female,1986-06-16,W_User.5
Tammy,Rose,Female,1989-10-28,W_User.3
Ann,Dixon,Female,1983-05-11,W_User.11
Kimberly,Jackson,Female,1989-05-10,W_User.5
Andrea,Stone,Female,1980-09-22,W_User.16
James,Murray,Male,1986-07-10,W_User.16
Richard,Mendoza,Male,1983-04-30,W_User.17
Katherine,Ray,Female,1980-03-30,W_User.12
Louise,Hughes,Female,1984-10-24,W_User.5
Carlos,Cunningham,Male,1985-03-27,W_User.12
Jennifer,Foster,Female,1980-04-05,W_User.14
Edward,Grant,Male,1984-11-24,W_User.8
Jeremy,Foster,Male,1982-03-05,W_User.19
Doris,Allen,Female,1986-02-04,W_User.20
Todd,Stevens,Male,1982-03-09,W_User.19
William,Hayes,Male,1984-05-12,W_User.7
Catherine,Lawson,Female,1984-01-07,W_User.4
Gregory,Welch,Male,1987-10-24,W_User.20
Randy,Peterson,Male,1989-02-02,W_User.15
Paul,Mccoy,Male,1988-06-11,W_User.4
Heather,Reynolds,Female,1988-03-01,W_User.17
Kenneth,Hall,Male,1980-01-15,W_User.17
Philip,Rogers,Male,1985-03-13,W_User.18
Katherine,Mitchell,Female,1990-02-10,W_User.13
Helen,Ramirez,Female,1980-07-03,W_User.13
Ruby,Hudson,Female,1988-03-08,W_User.4
Larry,Owens,Male,1986-10-09,W_User.12
Eugene,Williams,Male,1987-01-15,W_User.11
Craig,Chapman,Male,1985-12-30,W_User.6
Robin,Henry,Female,1980-08-04,W_User.20
Antonio,Simpson,Male,1980-04-09,W_User.10
Deborah,Harper,Female,1981-08-25,W_User.18
Martin,Holmes,Male,1980-09-28,W_User.11
David,Bailey,Male,1988-04-06,W_User.19
Jimmy,Roberts,Male,1982-06-17,W_User.20
Anthony,Barnes,Male,1981-09-07,W_User.7
Stephen,Greene,Male,1988-12-03,W_User.19
Janice,Diaz,Female,1987-12-10,W_User.5
Maria,Murray,Female,1989-01-20,W_User.3
Anthony,Fisher,Male,1984-08-05,W_User.10
Arthur,Fernandez,Male,1989-02-16,W_User.7
Philip,Franklin,Male,1989-03-25,W_User.17
George,Austin,Male,1989-04-08,W_User.16
Jose,Hansen,Male,1984-07-20,W_User.19
Carolyn,Riley,Female,1984-07-20,W_User.3
Juan,Carroll,Male,1983-11-04,W_User.12
Bonnie,Rogers,Female,1990-11-02,W_User.4
Andrew,Garrett,Male,1990-01-30,W_User.18
Nicholas,Crawford,Male,1980-03-04,W_User.14
Patricia,Shaw,Female,1985-09-11,W_User.17
Antonio,Carter,Male,1980-08-30,W_User.10
Andrea,Morris,Female,1989-01-07,W_User.14
Keith,Ward,Male,1990-08-11,W_User.3
Steve,Henderson,Male,1982-08-01,W_User.17
Maria,Cook,Female,1990-04-17,W_User.18
Amanda,Sanders,Female,1989-04-26,W_User.2
Keith,Hicks,Male,1989-07-23,W_User.1
Jennifer,Nguyen,Female,1990-04-21,W_User.10
Randy,Cooper,Male,1984-01-13,W_User.10
Michelle,Hernandez,Female,1989-07-04,W_User.17
Sean,Stephens,Male,1983-09-02,W_User.18
Rachel,Morgan,Female,1990-10-16,W_User.16
Earl,Freeman,Male,1982-09-14,W_User.13
William,Kim,Male,1989-04-28,W_User.15
Cynthia,Burke,Female,1987-12-21,W_User.10
Thomas,Chavez,Male,1988-10-04,W_User.18
Emily,Cook,Female,1986-09-02,W_User.16
Victor,Mccoy,Male,1990-05-25,W_User.7
Louise,Carter,Female,1981-10-20,W_User.13
Gloria,Ramos,Female,1985-12-29,W_User.8
Virginia,Crawford,Female,1990-07-24,W_User.10
Dorothy,Hunter,Female,1984-07-29,W_User.12
Eric,Meyer,Male,1984-03-22,W_User.4
Chris,Lee,Male,1983-10-10,W_User.18
Willie,Sanchez,Male,1987-03-23,W_User.10
Jacqueline,Robinson,Female,1990-09-22,W_User.10
Charles,Clark,Male,1980-11-16,W_User.20
Joshua,Wallace,Male,1980-12-16,W_User.15
Ruby,Hernandez,Female,1981-08-20,W_User.12
Joyce,Wagner,Female,1989-06-12,W_User.9
Harry,Little,Male,1986-01-04,W_User.18
Stephanie,Simmons,Female,1987-11-14,W_User.16
Maria,Alvarez,Female,1984-09-18,W_User.5
Paul,Burton,Male,1983-04-15,W_User.4
Aaron,Simmons,Male,1986-11-18,W_User.2
Craig,Chapman,Male,1989-03-25,W_User.2
Steven,Crawford,Male,1990-04-16,W_User.14
Douglas,Green,Male,1984-10-09,W_User.6
Joan,Myers,Female,1984-07-15,W_User.10
Brandon,Hill,Male,1988-09-26,W_User.13
Jerry,Hart,Male,1987-05-06,W_User.19
Lillian,Hughes,Female,1981-07-19,W_User.1
William,Mills,Male,1985-01-11,W_User.11
Sandra,Franklin,Female,1980-01-12,W_User.15
Carlos,Ford,Male,1985-02-18,W_User.18
Denise,Hernandez,Female,1981-10-06,W_User.11
Patricia,Nichols,Female,1982-08-17,W_User.5
Joshua,Sims,Male,1986-08-15,W_User.8
Peter,Banks,Male,1984-06-01,W_User.7
Betty,Burton,Female,1983-02-21,W_User.17
Ruby,Mills,Female,1990-11-19,W_User.11
Ryan,Meyer,Male,1989-07-22,W_User.17
Juan,Ward,Male,1988-01-05,W_User.1
Sandra,Bishop,Female,1980-10-16,W_User.2
Frances,Lawson,Female,1990-09-17,W_User.3
Justin,Ford,Male,1986-05-30,W_User.12
Robert,Bowman,Male,1988-07-26,W_User.17
Harry,Evans,Male,1986-08-02,W_User.13
Kevin,Weaver,Male,1982-09-24,W_User.10
Randy,Hudson,Male,1988-10-27,W_User.19
Ralph,Vasquez,Male,1984-08-11,W_User.12
Sara,Jenkins,Female,1989-06-10,W_User.9
Carlos,Chavez,Male,1987-01-16,W_User.3
Paula,Dunn,Female,1988-09-01,W_User.12
Sarah,Bowman,Female,1984-06-13,W_User.18
Antonio,Murray,Male,1988-01-05,W_User.17
Christine,Austin,Female,1989-08-15,W_User.7
Melissa,Holmes,Female,1985-06-19,W_User.11
Amy,Holmes,Female,1988-05-04,W_User.19
Janice,Wells,Female,1980-03-24,W_User.1
Ernest,Powell,Male,1983-06-17,W_User.8
Phyllis,Lewis,Female,1985-10-13,W_User.6
Craig,Wheeler,Male,1989-05-18,W_User.16
Craig,Reed,Male,1990-03-01,W_User.8
Carolyn,Burke,Female,1981-03-25,W_User.19
Kathy,Flores,Female,1982-04-25,W_User.11
Diana,Morris,Female,1983-07-02,W_User.9
James,Fisher,Male,1980-07-13,W_User.15
Sharon,Fields,Female,1985-04-16,W_User.8
Sandra,Baker,Female,1986-08-22,W_User.4
Victor,Payne,Male,1982-05-08,W_User.18
Melissa,Jenkins,Female,1982-11-30,W_User.4
Steve,Nelson,Male,1986-05-31,W_User.13
Phillip,Woods,Male,1985-07-06,W_User.13
Rachel,Hughes,Female,1983-07-28,W_User.5
Cynthia,Crawford,Female,1986-06-08,W_User.2
Martha,Stephens,Female,1984-05-16,W_User.7
Patricia,Ross,Female,1990-10-15,W_User.6
Joyce,Price,Female,1984-06-05,W_User.6
Cynthia,Hicks,Female,1982-02-07,W_User.17
Jacqueline,Gutierrez,Female,1981-03-04,W_User.6
Brandon,Simmons,Male,1986-08-12,W_User.1
Patricia,Parker,Female,1985-12-31,W_User.14
Bruce,Phillips,Male,1987-04-20,W_User.17
Walter,Nguyen,Male,1980-08-27,W_User.3
Brenda,Hansen,Female,1984-03-02,W_User.17
Christine,Hall,Female,1981-09-12,W_User.16
Anne,Nguyen,Female,1985-11-14,W_User.13
Melissa,Clark,Female,1986-10-28,W_User.16
Joe,Gomez,Male,1984-11-29,W_User.17
Heather,Chavez,Female,1982-01-27,W_User.11
Lori,Olson,Female,1984-04-29,W_User.6
Bonnie,Sanders,Female,1980-04-03,W_User.6
Eric,Gardner,Male,1986-06-09,W_User.8
Cheryl,Williams,Female,1985-10-11,W_User.2
John,Taylor,Male,1989-01-24,W_User.13
Christine,Meyer,Female,1989-12-10,W_User.18
George,Nguyen,Male,1990-07-30,W_User.19
Lillian,Webb,Female,1985-10-16,W_User.15
Anthony,Marshall,Male,1982-01-07,W_User.4
Christina,Stanley,Female,1989-09-12,W_User.8
Anna,Nelson,Female,1984-06-24,W_User.17
Rachel,Hicks,Female,1985-02-25,W_User.16
John,Cunningham,Male,1980-12-12,W_User.4
Sarah,Gordon,Female,1982-06-29,W_User.18
Christopher,Owens,Male,1989-11-20,W_User.18
Charles,Grant,Male,1980-05-01,W_User.10
Roger,Sanders,Male,1986-12-20,W_User.5
Phillip,Greene,Male,1981-08-19,W_User.7
Bonnie,Reyes,Female,1990-08-09,W_User.5
Jacqueline,Ortiz,Female,1981-01-24,W_User.19
Kathleen,Holmes,Female,1983-05-24,W_User.19
Jean,West,Female,1986-11-11,W_User.5
Emily,Stewart,Female,1980-02-20,W_User.8
Louise,Johnston,Female,1984-11-18,W_User.15
David,Hicks,Male,1990-06-22,W_User.16
Catherine,Bryant,Female,1986-01-05,W_User.11
Julie,Roberts,Female,1980-08-21,W_User.2
Deborah,Diaz,Female,1986-12-10,W_User.11
Daniel,Spencer,Male,1981-08-28,W_User.16
Ruth,Hamilton,Female,1986-12-07,W_User.7
Dorothy,Sullivan,Female,1989-05-27,W_User.20
Frances,Perkins,Female,1980-12-12,W_User.2
Victor,Fernandez,Male,1986-05-31,W_User.5
Larry,Murray,Male,1982-10-27,W_User.5
Michael,Collins,Male,1983-02-18,W_User.4
Carol,Ellis,Female,1980-05-20,W_User.18
Kimberly,Dean,Female,1988-08-17,W_User.7
Janice,Evans,Female,1988-05-22,W_User.12
Frances,Walker,Female,1986-10-06,W_User.11
Jonathan,Barnes,Male,1986-08-09,W_User.1
William,Grant,Male,1988-12-16,W_User.9
Donna,Burton,Female,1985-01-23,W_User.14
Jeremy,Patterson,Male,1980-01-20,W_User.9
Maria,Hunter,Female,1982-09-27,W_User.5
Kevin,Peters,Male,1986-05-25,W_User.16
Anne,Mendoza,Female,1987-04-18,W_User.11
Christine,Roberts,Female,1980-01-27,W_User.14
Heather,Carroll,Female,1986-03-27,W_User.14
Douglas,Hansen,Male,1980-11-05,W_User.17
Phillip,Wood,Male,1980-08-18,W_User.20
Wanda,Walker,Female,1980-05-15,W_User.15
Carlos,Lee,Male,1989-11-24,W_User.16
Stephanie,Hayes,Female,1987-12-03,W_User.12
Ronald,Howell,Male,1981-01-10,W_User.12
Mildred,Peterson,Female,1983-01-09,W_User.19
Richard,Nguyen,Male,1990-05-22,W_User.4
Shirley,Hayes,Female,1983-02-21,W_User.15
Michelle,Berry,Female,1986-02-01,W_User.3
Paul,Bryant,Male,1985-03-29,W_User.17
Evelyn,Lynch,Female,1986-04-16,W_User.13
Roger,Wallace,Male,1983-12-13,W_User.10
Theresa,Shaw,Female,1987-12-21,W_User.8
Sandra,Scott,Female,1985-10-15,W_User.12
Jimmy,Fernandez,Male,1990-12-14,W_User.3
Lisa,Price,Female,1981-02-20,W_User.1
Anthony,Butler,Male,1988-10-31,W_User.6
Dennis,Harvey,Male,1988-05-12,W_User.4
Harry,Peterson,Male,1988-08-13,W_User.6
Denise,Ramos,Female,1982-04-18,W_User.16
Charles,Ortiz,Male,1980-12-08,W_User.11
Donna,Reynolds,Female,1983-05-12,W_User.3
Terry,Martinez,Male,1983-05-26,W_User.1
Rose,Harvey,Female,1987-11-13,W_User.15
Michael,Harper,Male,1987-03-14,W_User.6
Janice,Vasquez,Female,1984-12-26,W_User.12
Arthur,Carter,Male,1980-10-14,W_User.16
Michael,Hill,Male,1989-03-19,W_User.1
Michelle,Martinez,Female,1988-05-20,W_User.11
Sara,Stevens,Female,1983-08-31,W_User.5
Theresa,Torres,Female,1984-10-26,W_User.17
Ashley,Murphy,Female,1982-03-06,W_User.19
Anthony,Moore,Male,1982-08-02,W_User.10
Wanda,Sims,Female,1982-05-15,W_User.20
Jean,Burton,Female,1983-07-30,W_User.17
Albert,Richardson,Male,1985-01-04,W_User.2
Gregory,Long,Male,1990-03-28,W_User.19
Todd,Reed,Male,1983-12-22,W_User.10
Judith,Wagner,Female,1983-10-11,W_User.17
Lois,Ramirez,Female,1986-11-19,W_User.13
Nancy,Palmer,Female,1980-10-14,W_User.19
Ernest,Sanchez,Male,1984-07-19,W_User.15
Martin,Palmer,Male,1987-09-06,W_User.6
Sarah,Stevens,Female,1981-09-17,W_User.15
Debra,Burton,Female,1982-08-28,W_User.10
Tina,Fowler,Female,1982-12-31,W_User.14
Anna,Henry,Female,1984-09-02,W_User.13
Kathryn,Andrews,Female,1988-04-19,W_User.15
Edward,Day,Male,1990-09-30,W_User.14
Stephanie,Diaz,Female,1985-05-16,W_User.20
Jessica,Pierce,Female,1983-10-18,W_User.18
Lawrence,Morgan,Male,1981-04-17,W_User.19
Victor,Hernandez,Male,1985-10-04,W_User.6
Tammy,Armstrong,Female,1987-11-01,W_User.13
Diana,Robertson,Female,1989-07-29,W_User.14
Matthew,Mccoy,Male,1980-03-02,W_User.12
Gary,Reed,Male,1983-09-08,W_User.10
Jessica,Graham,Female,1985-05-06,W_User.13
Nicholas,Robinson,Male,1985-08-29,W_User.2
Wanda,Franklin,Female,1981-10-07,W_User.10
Carl,Spencer,Male,1985-12-26,W_User.5
Albert,Tucker,Male,1981-08-23,W_User.12
Roger,Gonzales,Male,1984-10-12,W_User.3
Brenda,Owens,Female,1990-08-28,W_User.11
Paul,Gardner,Male,1984-06-27,W_User.19
Melissa,Collins,Female,1985-12-04,W_User.2
Amy,Fisher,Female,1984-10-07,W_User.14
Nicholas,Alvarez,Male,1984-02-05,W_User.9
Nicholas,Richardson,Male,1980-03-26,W_User.13
David,Hernandez,Male,1987-10-29,W_User.14
Lillian,Mcdonald,Female,1987-08-28,W_User.18
Carol,Sanchez,Female,1981-07-16,W_User.13
Marilyn,Mills,Female,1987-07-26,W_User.19
Louise,Boyd,Female,1987-12-14,W_User.5
Andrea,Henderson,Female,1985-04-10,W_User.17
Susan,Willis,Female,1985-03-26,W_User.17
Eric,Murray,Male,1987-05-17,W_User.1
Robin,Woods,Female,1983-01-24,W_User.20
Edward,Price,Male,1990-08-01,W_User.10
Jeremy,Castillo,Male,1986-12-31,W_User.16
Eric,Lopez,Male,1981-12-26,W_User.12
Rebecca,Bishop,Female,1983-08-23,W_User.16
Nicholas,Stewart,Male,1981-05-10,W_User.10
Patrick,Davis,Male,1983-07-03,W_User.9
Michael,Ferguson,Male,1987-01-12,W_User.18
Gary,Alexander,Male,1980-08-12,W_User.13
Angela,Morrison,Female,1983-11-12,W_User.19
Michael,Armstrong,Male,1988-06-04,W_User.6
Nicholas,Hill,Male,1984-05-20,W_User.6
Doris,Graham,Female,1981-05-29,W_User.19
Howard,Thompson,Male,1990-08-23,W_User.4
Jimmy,Lawson,Male,1985-07-12,W_User.18
Katherine,Fields,Female,1988-03-01,W_User.17
Victor,Turner,Male,1980-01-18,W_User.19
Karen,Butler,Female,1988-02-19,W_User.19
Denise,Shaw,Female,1985-03-29,W_User.9
Gary,Wells,Male,1987-02-21,W_User.8
Ralph,Berry,Male,1989-01-20,W_User.5
Louise,Medina,Female,1980-07-15,W_User.1
Barbara,Gardner,Female,1990-06-24,W_User.19
Amy,Schmidt,Female,1987-02-22,W_User.3
Ann,Gonzalez,Female,1983-06-14,W_User.15
Paul,Bishop,Male,1983-12-06,W_User.1
Sandra,Long,Female,1985-04-08,W_User.20
Norma,Perkins,Female,1989-02-27,W_User.5
Wanda,Jones,Female,1984-03-25,W_User.10
Jason,Lewis,Male,1987-10-19,W_User.16
Elizabeth,Carpenter,Female,1983-06-11,W_User.14
Justin,Evans,Male,1989-01-21,W_User.12
Wayne,Carter,Male,1986-01-03,W_User.2
Jennifer,Russell,Female,1988-08-19,W_User.10
Dennis,Harvey,Male,1984-10-20,W_User.10
Lillian,Jacobs,Female,1990-10-13,W_User.2
Joseph,Kim,Male,1990-12-05,W_User.7
Louise,Mcdonald,Female,1985-05-04,W_User.17
Karen,Anderson,Female,1989-08-20,W_User.7
Phillip,Black,Male,1982-11-06,W_User.10
Virginia,George,Female,1983-06-02,W_User.8
Linda,Hansen,Female,1987-07-17,W_User.14
Tina,Jones,Female,1985-10-29,W_User.11
Michelle,Reynolds,Female,1986-02-14,W_User.19
Helen,Kelly,Female,1986-08-28,W_User.20
Chris,Elliott,Male,1984-09-25,W_User.12
Chris,Mills,Male,1981-08-29,W_User.9
Arthur,Lopez,Male,1985-01-17,W_User.8
Steven,Lane,Male,1983-10-10,W_User.2
Debra,Harvey,Female,1984-03-05,W_User.12
Mildred,Hicks,Female,1990-08-19,W_User.7
Cynthia,Woods,Female,1984-03-07,W_User.6
Jane,Reyes,Female,1986-10-13,W_User.12
Martin,Howell,Male,1980-04-13,W_User.19
Douglas,Schmidt,Male,1988-12-08,W_User.17
Martin,Duncan,Male,1989-11-01,W_User.19
Janice,West,Female,1987-01-02,W_User.11
Julia,Kelley,Female,1987-01-02,W_User.6
Carol,Fields,Female,1984-01-02,W_User.12
Shawn,Allen,Male,1984-05-26,W_User.16
Virginia,Hernandez,Female,1982-07-03,W_User.2
Jason,Rogers,Male,1988-02-13,W_User.13
Beverly,Dixon,Female,1987-10-28,W_User.8
Diane,Watson,Female,1987-09-12,W_User.1
Doris,Harrison,Female,1982-01-02,W_User.8
Judith,Robertson,Female,1985-08-23,W_User.5
Bonnie,Hansen,Female,1980-07-29,W_User.7
Kathleen,Chapman,Female,1983-05-02,W_User.8
Eugene,Hicks,Male,1985-07-06,W_User.17
Craig,Simpson,Male,1987-02-08,W_User.11
Lillian,Gardner,Female,1987-11-23,W_User.14
Dorothy,Richardson,Female,1985-09-21,W_User.16
Donald,Harper,Male,1983-08-24,W_User.20
Martha,Watson,Female,1983-09-03,W_User.20
Roger,Henry,Male,1980-10-10,W_User.11
Daniel,Marshall,Male,1987-09-23,W_User.17
Margaret,King,Female,1987-04-12,W_User.6
Richard,Fowler,Male,1989-04-30,W_User.16
Donna,Boyd,Female,1981-07-23,W_User.2
Carolyn,Payne,Female,1985-04-01,W_User.19
Louise,King,Female,1982-01-27,W_User.18
Annie,Sanders,Female,1988-05-22,W_User.11
Beverly,Murray,Female,1990-06-27,W_User.6
Rachel,Kim,Female,1986-05-01,W_User.13
Marilyn,James,Female,1982-07-30,W_User.7
Keith,Hayes,Male,1988-10-02,W_User.5
Brandon,Scott,Male,1986-07-11,W_User.11
George,Martin,Male,1983-10-31,W_User.18
Gerald,Rodriguez,Male,1980-03-25,W_User.13
Jerry,Phillips,Male,1981-02-11,W_User.3
Brian,Williamson,Male,1984-01-09,W_User.18
Jean,Butler,Female,1986-07-27,W_User.8
Dennis,Anderson,Male,1980-05-03,W_User.2
Nicole,Bowman,Female,1982-03-11,W_User.15
Brian,Ford,Male,1980-02-13,W_User.11
Fred,Porter,Male,1981-07-09,W_User.14
Cheryl,Griffin,Female,1982-10-28,W_User.12
Tina,Bryant,Female,1982-01-05,W_User.19
Shawn,Matthews,Male,1988-10-07,W_User.17
Raymond,Stephens,Male,1987-08-17,W_User.17
Joan,Simmons,Female,1987-12-09,W_User.5
Nancy,Torres,Female,1981-01-08,W_User.19
Lois,Hart,Female,1982-09-12,W_User.20
Emily,Fox,Female,1984-10-20,W_User.15
Victor,Clark,Male,1988-11-01,W_User.16
Alice,Wagner,Female,1980-05-07,W_User.12
Terry,Stevens,Male,1983-02-28,W_User.5
Amanda,Berry,Female,1989-10-21,W_User.20
Ryan,Bishop,Male,1983-03-04,W_User.16
Heather,Russell,Female,1990-08-25,W_User.18
Rebecca,Wilson,Female,1984-02-07,W_User.1
Fred,Bradley,Male,1981-10-23,W_User.16
Scott,Spencer,Male,1990-06-20,W_User.5
Benjamin,Crawford,Male,1980-04-27,W_User.20
Jimmy,Ryan,Male,1982-06-01,W_User.20
Edward,Barnes,Male,1983-08-31,W_User.2
Philip,Ellis,Male,1988-04-27,W_User.4
Barbara,Gray,Female,1985-08-26,W_User.15
Evelyn,Kelly,Female,1984-12-25,W_User.12
Raymond,Chavez,Male,1985-06-17,W_User.12
Peter,Hernandez,Male,1988-05-19,W_User.17
Shawn,Ruiz,Male,1981-08-14,W_User.7
Nicholas,Hicks,Male,1988-10-11,W_User.13
Sean,Gilbert,Male,1990-05-25,W_User.12
Kathryn,Payne,Female,1983-01-31,W_User.7
Jason,Gray,Male,1981-02-23,W_User.16
Brian,Sanchez,Male,1984-07-24,W_User.4
Betty,Knight,Female,1982-08-05,W_User.8
Russell,Bailey,Male,1984-07-26,W_User.1
Andrea,Butler,Female,1987-05-04,W_User.11
Gary,Harris,Male,1987-05-31,W_User.17
Lois,Holmes,Female,1980-12-05,W_User.1
James,Montgomery,Male,1986-02-13,W_User.14
Alice,Harrison,Female,1988-08-12,W_User.6
Kathryn,Sullivan,Female,1985-08-28,W_User.14
Kathy,Reid,Female,1989-06-15,W_User.3
Samuel,Shaw,Male,1990-03-22,W_User.20
Arthur,Mendoza,Male,1982-02-19,W_User.13
Angela,Andrews,Female,1987-09-23,W_User.11
Charles,Cole,Male,1983-10-21,W_User.20
Diana,Martin,Female,1980-12-07,W_User.16
Jose,Reed,Male,1989-03-06,W_User.7
Philip,Spencer,Male,1986-03-23,W_User.5
Virginia,Stevens,Female,1988-11-06,W_User.7
Carol,Morrison,Female,1983-06-17,W_User.2
Fred,Frazier,Male,1990-11-09,W_User.18
Harold,Henderson,Male,1990-07-23,W_User.11
Michelle,Woods,Female,1983-11-14,W_User.5
Sara,Walker,Female,1989-05-12,W_User.2
Melissa,Perkins,Female,1981-07-11,W_User.16
Gerald,Chavez,Male,1989-10-07,W_User.10
Bruce,Cox,Male,1987-05-14,W_User.9
Joseph,Tucker,Male,1983-11-19,W_User.6
Maria,Williamson,Female,1981-01-03,W_User.17
Doris,Coleman,Female,1986-01-15,W_User.6
Edward,Sanchez,Male,1980-05-08,W_User.8
Jesse,Cunningham,Male,1987-03-16,W_User.10
Earl,Hunt,Male,1990-08-29,W_User.11
Andrea,Medina,Female,1981-02-20,W_User.12
Anthony,Coleman,Male,1989-04-18,W_User.4
Raymond,Black,Male,1980-05-10,W_User.9
Kathy,Austin,Female,1981-10-04,W_User.15
Ashley,James,Female,1981-03-18,W_User.10
Terry,Peters,Male,1985-08-23,W_User.18
Mildred,Spencer,Female,1989-03-21,W_User.7
Earl,Morrison,Male,1985-11-29,W_User.15
Kimberly,Ryan,Female,1985-08-13,W_User.14
Ruth,Garrett,Female,1981-09-08,W_User.9
Ronald,Richards,Male,1983-07-14,W_User.7
Martha,Long,Female,1990-08-07,W_User.11
Sara,Martin,Female,1986-12-12,W_User.16
Jessica,Rivera,Female,1989-09-03,W_User.6
Shirley,Murray,Female,1984-12-22,W_User.1
Ernest,Freeman,Male,1980-05-18,W_User.5
Donna,Hudson,Female,1986-04-01,W_User.1
Janice,Jackson,Female,1989-11-28,W_User.18
Jason,Marshall,Male,1982-09-09,W_User.20
Tina,Mcdonald,Female,1990-09-11,W_User.14
Craig,Palmer,Male,1981-03-15,W_User.10
Wanda,Montgomery,Female,1990-11-02,W_User.5
Theresa,Hanson,Female,1982-05-21,W_User.18
Lawrence,Bennett,Male,1988-10-15,W_User.11
Katherine,Hughes,Female,1989-11-28,W_User.14
Carolyn,Martinez,Female,1990-01-16,W_User.14
Thomas,Stanley,Male,1985-05-18,W_User.10
Sharon,Long,Female,1985-08-11,W_User.9
Gregory,Chavez,Male,1983-05-27,W_User.10
Shawn,James,Male,1986-06-07,W_User.11
Harold,Patterson,Male,1989-12-24,W_User.19
Roy,Ramirez,Male,1980-12-22,W_User.2
Rose,Powell,Female,1982-09-25,W_User.3
Lori,Miller,Female,1989-06-18,W_User.10
Joan,Mendoza,Female,1985-10-13,W_User.17
Ryan,Wells,Male,1989-08-16,W_User.13
Sandra,Thomas,Female,1988-12-23,W_User.10
Julia,Gilbert,Female,1983-09-20,W_User.2
Kathryn,Romero,Female,1981-12-13,W_User.18
Keith,Hart,Male,1989-11-20,W_User.9
George,Hanson,Male,1990-05-19,W_User.16
Robert,Rice,Male,1983-03-17,W_User.9
Jose,Cunningham,Male,1990-07-22,W_User.2
Gloria,Grant,Female,1989-05-06,W_User.18
Joshua,Lee,Male,1988-12-02,W_User.3
Joshua,Garrett,Male,1985-09-02,W_User.5
Kathryn,Coleman,Female,1989-09-22,W_User.18
Russell,Hanson,Male,1980-07-24,W_User.9
Melissa,Rice,Female,1986-06-07,W_User.7
Fred,Watkins,Male,1986-11-22,W_User.15
Angela,Turner,Female,1989-09-01,W_User.11
Phyllis,Tucker,Female,1986-05-01,W_User.11
Fred,Williams,Male,1982-04-21,W_User.3
Virginia,Gutierrez,Female,1986-10-21,W_User.18
Kelly,Garza,Female,1985-05-29,W_User.20
Walter,Cunningham,Male,1985-12-19,W_User.3
Ann,Gutierrez,Female,1989-04-03,W_User.4
Ernest,Riley,Male,1984-10-19,W_User.15
Gerald,Richardson,Male,1987-06-10,W_User.12
Lillian,Butler,Female,1988-09-15,W_User.12
Arthur,Frazier,Male,1986-05-22,W_User.1
Wanda,Jones,Female,1982-07-03,W_User.3
Paula,Boyd,Female,1985-09-20,W_User.12
Amy,Myers,Female,1990-09-16,W_User.17
Evelyn,Robinson,Female,1989-07-16,W_User.7
Laura,Palmer,Female,1990-03-03,W_User.8
Thomas,Alexander,Male,1988-02-20,W_User.18
Dennis,Williamson,Male,1989-08-11,W_User.16
Joan,Oliver,Female,1983-06-02,W_User.19
Louise,Sullivan,Female,1987-03-23,W_User.4
Michelle,Washington,Female,1982-11-05,W_User.5
Juan,Henry,Male,1986-03-12,W_User.6
Clarence,Davis,Male,1985-05-31,W_User.5
Brian,Harvey,Male,1981-02-07,W_User.17
Teresa,Mills,Female,1982-08-13,W_User.12
Helen,Stevens,Female,1984-07-04,W_User.18
Donna,Burns,Female,1987-10-27,W_User.5
