QuotaAmount,StartDate,OwnerName,Username
100000,2017-01-01,Dylan Thom,dthom@servicewavesdo.za
100000,2017-02-01,Dylan Thom,dthom@servicewavesdo.za
100000,2017-03-01,Dylan Thom,dthom@servicewavesdo.za
100000,2017-04-01,Dylan Thom,dthom@servicewavesdo.za
100000,2017-05-01,Dylan Thom,dthom@servicewavesdo.za
100000,2017-06-01,Dylan Thom,dthom@servicewavesdo.za
100000,2017-07-01,Dylan Thom,dthom@servicewavesdo.za
100000,2017-08-01,Dylan Thom,dthom@servicewavesdo.za
100000,2017-09-01,Dylan Thom,dthom@servicewavesdo.za
100000,2017-10-01,Dylan Thom,dthom@servicewavesdo.za
100000,2017-11-01,Dylan Thom,dthom@servicewavesdo.za
100000,2017-12-01,Dylan Thom,dthom@servicewavesdo.za
100000,2017-01-01,Kasey Central,kcentral.hmulq0endy3d@servicewavesdo.za
100000,2017-02-01,Kasey Central,kcentral.hmulq0endy3d@servicewavesdo.za
100000,2017-03-01,Kasey Central,kcentral.hmulq0endy3d@servicewavesdo.za
100000,2017-04-01,Kasey Central,kcentral.hmulq0endy3d@servicewavesdo.za
100000,2017-05-01,Kasey Central,kcentral.hmulq0endy3d@servicewavesdo.za
100000,2017-06-01,Kasey Central,kcentral.hmulq0endy3d@servicewavesdo.za
100000,2017-07-01,Kasey Central,kcentral.hmulq0endy3d@servicewavesdo.za
100000,2017-08-01,Kasey Central,kcentral.hmulq0endy3d@servicewavesdo.za
100000,2017-09-01,Kasey Central,kcentral.hmulq0endy3d@servicewavesdo.za
100000,2017-10-01,Kasey Central,kcentral.hmulq0endy3d@servicewavesdo.za
100000,2017-11-01,Kasey Central,kcentral.hmulq0endy3d@servicewavesdo.za
100000,2017-12-01,Kasey Central,kcentral.hmulq0endy3d@servicewavesdo.za
100000,2017-01-01,Ely East,eeast1.y6hczgn5cme8@servicewavesdo.za
100000,2017-02-01,Ely East,eeast1.y6hczgn5cme8@servicewavesdo.za
100000,2017-03-01,Ely East,eeast1.y6hczgn5cme8@servicewavesdo.za
100000,2017-04-01,Ely East,eeast1.y6hczgn5cme8@servicewavesdo.za
100000,2017-05-01,Ely East,eeast1.y6hczgn5cme8@servicewavesdo.za
100000,2017-06-01,Ely East,eeast1.y6hczgn5cme8@servicewavesdo.za
100000,2017-07-01,Ely East,eeast1.y6hczgn5cme8@servicewavesdo.za
100000,2017-08-01,Ely East,eeast1.y6hczgn5cme8@servicewavesdo.za
100000,2017-09-01,Ely East,eeast1.y6hczgn5cme8@servicewavesdo.za
100000,2017-10-01,Ely East,eeast1.y6hczgn5cme8@servicewavesdo.za
100000,2017-11-01,Ely East,eeast1.y6hczgn5cme8@servicewavesdo.za
100000,2017-12-01,Ely East,eeast1.y6hczgn5cme8@servicewavesdo.za
100000,2017-01-01,Wendy West,wwest.yarvt0y2cdu7@servicewavesdo.za
100000,2017-02-01,Wendy West,wwest.yarvt0y2cdu7@servicewavesdo.za
100000,2017-03-01,Wendy West,wwest.yarvt0y2cdu7@servicewavesdo.za
100000,2017-04-01,Wendy West,wwest.yarvt0y2cdu7@servicewavesdo.za
100000,2017-05-01,Wendy West,wwest.yarvt0y2cdu7@servicewavesdo.za
100000,2017-06-01,Wendy West,wwest.yarvt0y2cdu7@servicewavesdo.za
100000,2017-07-01,Wendy West,wwest.yarvt0y2cdu7@servicewavesdo.za
100000,2017-08-01,Wendy West,wwest.yarvt0y2cdu7@servicewavesdo.za
100000,2017-09-01,Wendy West,wwest.yarvt0y2cdu7@servicewavesdo.za
100000,2017-10-01,Wendy West,wwest.yarvt0y2cdu7@servicewavesdo.za
100000,2017-11-01,Wendy West,wwest.yarvt0y2cdu7@servicewavesdo.za
100000,2017-12-01,Wendy West,wwest.yarvt0y2cdu7@servicewavesdo.za
100000,2017-01-01,Ricky East,reast.e4wivbing0iy@servicewavesdo.za
100000,2017-02-01,Ricky East,reast.e4wivbing0iy@servicewavesdo.za
100000,2017-03-01,Ricky East,reast.e4wivbing0iy@servicewavesdo.za
100000,2017-04-01,Ricky East,reast.e4wivbing0iy@servicewavesdo.za
100000,2017-05-01,Ricky East,reast.e4wivbing0iy@servicewavesdo.za
100000,2017-06-01,Ricky East,reast.e4wivbing0iy@servicewavesdo.za
100000,2017-07-01,Ricky East,reast.e4wivbing0iy@servicewavesdo.za
100000,2017-08-01,Ricky East,reast.e4wivbing0iy@servicewavesdo.za
100000,2017-09-01,Ricky East,reast.e4wivbing0iy@servicewavesdo.za
100000,2017-10-01,Ricky East,reast.e4wivbing0iy@servicewavesdo.za
100000,2017-11-01,Ricky East,reast.e4wivbing0iy@servicewavesdo.za
100000,2017-12-01,Ricky East,reast.e4wivbing0iy@servicewavesdo.za
100000,2017-01-01,Cindy Central,ccentral.jlhcp8evslvv@servicewavesdo.za
100000,2017-02-01,Cindy Central,ccentral.jlhcp8evslvv@servicewavesdo.za
100000,2017-03-01,Cindy Central,ccentral.jlhcp8evslvv@servicewavesdo.za
100000,2017-04-01,Cindy Central,ccentral.jlhcp8evslvv@servicewavesdo.za
100000,2017-05-01,Cindy Central,ccentral.jlhcp8evslvv@servicewavesdo.za
100000,2017-06-01,Cindy Central,ccentral.jlhcp8evslvv@servicewavesdo.za
100000,2017-07-01,Cindy Central,ccentral.jlhcp8evslvv@servicewavesdo.za
100000,2017-08-01,Cindy Central,ccentral.jlhcp8evslvv@servicewavesdo.za
100000,2017-09-01,Cindy Central,ccentral.jlhcp8evslvv@servicewavesdo.za
100000,2017-10-01,Cindy Central,ccentral.jlhcp8evslvv@servicewavesdo.za
100000,2017-11-01,Cindy Central,ccentral.jlhcp8evslvv@servicewavesdo.za
100000,2017-12-01,Cindy Central,ccentral.jlhcp8evslvv@servicewavesdo.za
100000,2017-01-01,Bill West,bwest.jrhwv7qdx048@servicewavesdo.za
100000,2017-02-01,Bill West,bwest.jrhwv7qdx048@servicewavesdo.za
100000,2017-03-01,Bill West,bwest.jrhwv7qdx048@servicewavesdo.za
100000,2017-04-01,Bill West,bwest.jrhwv7qdx048@servicewavesdo.za
100000,2017-05-01,Bill West,bwest.jrhwv7qdx048@servicewavesdo.za
100000,2017-06-01,Bill West,bwest.jrhwv7qdx048@servicewavesdo.za
100000,2017-07-01,Bill West,bwest.jrhwv7qdx048@servicewavesdo.za
100000,2017-08-01,Bill West,bwest.jrhwv7qdx048@servicewavesdo.za
100000,2017-09-01,Bill West,bwest.jrhwv7qdx048@servicewavesdo.za
100000,2017-10-01,Bill West,bwest.jrhwv7qdx048@servicewavesdo.za
100000,2017-11-01,Bill West,bwest.jrhwv7qdx048@servicewavesdo.za
100000,2017-12-01,Bill West,bwest.jrhwv7qdx048@servicewavesdo.za
100000,2017-01-01,Jamie Green,jmgreen.inglfrcbdten@servicewavesdo.za
100000,2017-02-01,Jamie Green,jmgreen.inglfrcbdten@servicewavesdo.za
100000,2017-03-01,Jamie Green,jmgreen.inglfrcbdten@servicewavesdo.za
100000,2017-04-01,Jamie Green,jmgreen.inglfrcbdten@servicewavesdo.za
100000,2017-05-01,Jamie Green,jmgreen.inglfrcbdten@servicewavesdo.za
100000,2017-06-01,Jamie Green,jmgreen.inglfrcbdten@servicewavesdo.za
100000,2017-07-01,Jamie Green,jmgreen.inglfrcbdten@servicewavesdo.za
100000,2017-08-01,Jamie Green,jmgreen.inglfrcbdten@servicewavesdo.za
100000,2017-09-01,Jamie Green,jmgreen.inglfrcbdten@servicewavesdo.za
100000,2017-10-01,Jamie Green,jmgreen.inglfrcbdten@servicewavesdo.za
100000,2017-11-01,Jamie Green,jmgreen.inglfrcbdten@servicewavesdo.za
100000,2017-12-01,Jamie Green,jmgreen.inglfrcbdten@servicewavesdo.za
100000,2017-01-01,Valerie East,veast.10kbx3izkaet@servicewavesdo.za
100000,2017-02-01,Valerie East,veast.10kbx3izkaet@servicewavesdo.za
100000,2017-03-01,Valerie East,veast.10kbx3izkaet@servicewavesdo.za
100000,2017-04-01,Valerie East,veast.10kbx3izkaet@servicewavesdo.za
100000,2017-05-01,Valerie East,veast.10kbx3izkaet@servicewavesdo.za
100000,2017-06-01,Valerie East,veast.10kbx3izkaet@servicewavesdo.za
100000,2017-07-01,Valerie East,veast.10kbx3izkaet@servicewavesdo.za
100000,2017-08-01,Valerie East,veast.10kbx3izkaet@servicewavesdo.za
100000,2017-09-01,Valerie East,veast.10kbx3izkaet@servicewavesdo.za
100000,2017-10-01,Valerie East,veast.10kbx3izkaet@servicewavesdo.za
100000,2017-11-01,Valerie East,veast.10kbx3izkaet@servicewavesdo.za
100000,2017-12-01,Valerie East,veast.10kbx3izkaet@servicewavesdo.za
100000,2017-01-01,Vince West,vwest.jerx3grti96k@servicewavesdo.za
100000,2017-02-01,Vince West,vwest.jerx3grti96k@servicewavesdo.za
100000,2017-03-01,Vince West,vwest.jerx3grti96k@servicewavesdo.za
100000,2017-04-01,Vince West,vwest.jerx3grti96k@servicewavesdo.za
100000,2017-05-01,Vince West,vwest.jerx3grti96k@servicewavesdo.za
100000,2017-06-01,Vince West,vwest.jerx3grti96k@servicewavesdo.za
100000,2017-07-01,Vince West,vwest.jerx3grti96k@servicewavesdo.za
100000,2017-08-01,Vince West,vwest.jerx3grti96k@servicewavesdo.za
100000,2017-09-01,Vince West,vwest.jerx3grti96k@servicewavesdo.za
100000,2017-10-01,Vince West,vwest.jerx3grti96k@servicewavesdo.za
100000,2017-11-01,Vince West,vwest.jerx3grti96k@servicewavesdo.za
100000,2017-12-01,Vince West,vwest.jerx3grti96k@servicewavesdo.za
100000,2017-01-01,Gordon Ross,gjohnson.qrx1glkurunv@servicewavesdo.za
100000,2017-02-01,Gordon Ross,gjohnson.qrx1glkurunv@servicewavesdo.za
100000,2017-03-01,Gordon Ross,gjohnson.qrx1glkurunv@servicewavesdo.za
100000,2017-04-01,Gordon Ross,gjohnson.qrx1glkurunv@servicewavesdo.za
100000,2017-05-01,Gordon Ross,gjohnson.qrx1glkurunv@servicewavesdo.za
100000,2017-06-01,Gordon Ross,gjohnson.qrx1glkurunv@servicewavesdo.za
100000,2017-07-01,Gordon Ross,gjohnson.qrx1glkurunv@servicewavesdo.za
100000,2017-08-01,Gordon Ross,gjohnson.qrx1glkurunv@servicewavesdo.za
100000,2017-09-01,Gordon Ross,gjohnson.qrx1glkurunv@servicewavesdo.za
100000,2017-10-01,Gordon Ross,gjohnson.qrx1glkurunv@servicewavesdo.za
100000,2017-11-01,Gordon Ross,gjohnson.qrx1glkurunv@servicewavesdo.za
100000,2017-12-01,Gordon Ross,gjohnson.qrx1glkurunv@servicewavesdo.za
100000,2017-01-01,Vanessa Central,vcentral.bhhquyx96z22@servicewavesdo.za
100000,2017-02-01,Vanessa Central,vcentral.bhhquyx96z22@servicewavesdo.za
100000,2017-03-01,Vanessa Central,vcentral.bhhquyx96z22@servicewavesdo.za
100000,2017-04-01,Vanessa Central,vcentral.bhhquyx96z22@servicewavesdo.za
100000,2017-05-01,Vanessa Central,vcentral.bhhquyx96z22@servicewavesdo.za
100000,2017-06-01,Vanessa Central,vcentral.bhhquyx96z22@servicewavesdo.za
100000,2017-07-01,Vanessa Central,vcentral.bhhquyx96z22@servicewavesdo.za
100000,2017-08-01,Vanessa Central,vcentral.bhhquyx96z22@servicewavesdo.za
100000,2017-09-01,Vanessa Central,vcentral.bhhquyx96z22@servicewavesdo.za
100000,2017-10-01,Vanessa Central,vcentral.bhhquyx96z22@servicewavesdo.za
100000,2017-11-01,Vanessa Central,vcentral.bhhquyx96z22@servicewavesdo.za
100000,2017-12-01,Vanessa Central,vcentral.bhhquyx96z22@servicewavesdo.za
100000,2017-01-01,Sean Silver,ssilver.5uirbbbjfrfe@servicewavesdo.za
100000,2017-02-01,Sean Silver,ssilver.5uirbbbjfrfe@servicewavesdo.za
100000,2017-03-01,Sean Silver,ssilver.5uirbbbjfrfe@servicewavesdo.za
100000,2017-04-01,Sean Silver,ssilver.5uirbbbjfrfe@servicewavesdo.za
100000,2017-05-01,Sean Silver,ssilver.5uirbbbjfrfe@servicewavesdo.za
100000,2017-06-01,Sean Silver,ssilver.5uirbbbjfrfe@servicewavesdo.za
100000,2017-07-01,Sean Silver,ssilver.5uirbbbjfrfe@servicewavesdo.za
100000,2017-08-01,Sean Silver,ssilver.5uirbbbjfrfe@servicewavesdo.za
100000,2017-09-01,Sean Silver,ssilver.5uirbbbjfrfe@servicewavesdo.za
100000,2017-10-01,Sean Silver,ssilver.5uirbbbjfrfe@servicewavesdo.za
100000,2017-11-01,Sean Silver,ssilver.5uirbbbjfrfe@servicewavesdo.za
100000,2017-12-01,Sean Silver,ssilver.5uirbbbjfrfe@servicewavesdo.za
100000,2017-01-01,Barry Brown,bbrown.lonqwfvefouq@servicewavesdo.za
100000,2017-02-01,Barry Brown,bbrown.lonqwfvefouq@servicewavesdo.za
100000,2017-03-01,Barry Brown,bbrown.lonqwfvefouq@servicewavesdo.za
100000,2017-04-01,Barry Brown,bbrown.lonqwfvefouq@servicewavesdo.za
100000,2017-05-01,Barry Brown,bbrown.lonqwfvefouq@servicewavesdo.za
100000,2017-06-01,Barry Brown,bbrown.lonqwfvefouq@servicewavesdo.za
100000,2017-07-01,Barry Brown,bbrown.lonqwfvefouq@servicewavesdo.za
100000,2017-08-01,Barry Brown,bbrown.lonqwfvefouq@servicewavesdo.za
100000,2017-09-01,Barry Brown,bbrown.lonqwfvefouq@servicewavesdo.za
100000,2017-10-01,Barry Brown,bbrown.lonqwfvefouq@servicewavesdo.za
100000,2017-11-01,Barry Brown,bbrown.lonqwfvefouq@servicewavesdo.za
100000,2017-12-01,Barry Brown,bbrown.lonqwfvefouq@servicewavesdo.za
100000,2017-01-01,Paul Partner,ppartner.2773vyssyevf@servicewavesdo.za
100000,2017-02-01,Paul Partner,ppartner.2773vyssyevf@servicewavesdo.za
100000,2017-03-01,Paul Partner,ppartner.2773vyssyevf@servicewavesdo.za
100000,2017-04-01,Paul Partner,ppartner.2773vyssyevf@servicewavesdo.za
100000,2017-05-01,Paul Partner,ppartner.2773vyssyevf@servicewavesdo.za
100000,2017-06-01,Paul Partner,ppartner.2773vyssyevf@servicewavesdo.za
100000,2017-07-01,Paul Partner,ppartner.2773vyssyevf@servicewavesdo.za
100000,2017-08-01,Paul Partner,ppartner.2773vyssyevf@servicewavesdo.za
100000,2017-09-01,Paul Partner,ppartner.2773vyssyevf@servicewavesdo.za
100000,2017-10-01,Paul Partner,ppartner.2773vyssyevf@servicewavesdo.za
100000,2017-11-01,Paul Partner,ppartner.2773vyssyevf@servicewavesdo.za
100000,2017-12-01,Paul Partner,ppartner.2773vyssyevf@servicewavesdo.za
100000,2017-01-01,Vance Channel,vchannel.1u5ojrforys0@servicewavesdo.za
100000,2017-02-01,Vance Channel,vchannel.1u5ojrforys0@servicewavesdo.za
100000,2017-03-01,Vance Channel,vchannel.1u5ojrforys0@servicewavesdo.za
100000,2017-04-01,Vance Channel,vchannel.1u5ojrforys0@servicewavesdo.za
100000,2017-05-01,Vance Channel,vchannel.1u5ojrforys0@servicewavesdo.za
100000,2017-06-01,Vance Channel,vchannel.1u5ojrforys0@servicewavesdo.za
100000,2017-07-01,Vance Channel,vchannel.1u5ojrforys0@servicewavesdo.za
100000,2017-08-01,Vance Channel,vchannel.1u5ojrforys0@servicewavesdo.za
100000,2017-09-01,Vance Channel,vchannel.1u5ojrforys0@servicewavesdo.za
100000,2017-10-01,Vance Channel,vchannel.1u5ojrforys0@servicewavesdo.za
100000,2017-11-01,Vance Channel,vchannel.1u5ojrforys0@servicewavesdo.za
100000,2017-12-01,Vance Channel,vchannel.1u5ojrforys0@servicewavesdo.za
100000,2017-01-01,Chet Callaghan,cchannel1.uw8fhwzico8e@servicewavesdo.za
100000,2017-02-01,Chet Callaghan,cchannel1.uw8fhwzico8e@servicewavesdo.za
100000,2017-03-01,Chet Callaghan,cchannel1.uw8fhwzico8e@servicewavesdo.za
100000,2017-04-01,Chet Callaghan,cchannel1.uw8fhwzico8e@servicewavesdo.za
100000,2017-05-01,Chet Callaghan,cchannel1.uw8fhwzico8e@servicewavesdo.za
100000,2017-06-01,Chet Callaghan,cchannel1.uw8fhwzico8e@servicewavesdo.za
100000,2017-07-01,Chet Callaghan,cchannel1.uw8fhwzico8e@servicewavesdo.za
100000,2017-08-01,Chet Callaghan,cchannel1.uw8fhwzico8e@servicewavesdo.za
100000,2017-09-01,Chet Callaghan,cchannel1.uw8fhwzico8e@servicewavesdo.za
100000,2017-10-01,Chet Callaghan,cchannel1.uw8fhwzico8e@servicewavesdo.za
100000,2017-11-01,Chet Callaghan,cchannel1.uw8fhwzico8e@servicewavesdo.za
100000,2017-12-01,Chet Callaghan,cchannel1.uw8fhwzico8e@servicewavesdo.za
100000,2017-01-01,Olivia Order,oorder.v7cm8pe8ykks@servicewavesdo.za
100000,2017-02-01,Olivia Order,oorder.v7cm8pe8ykks@servicewavesdo.za
100000,2017-03-01,Olivia Order,oorder.v7cm8pe8ykks@servicewavesdo.za
100000,2017-04-01,Olivia Order,oorder.v7cm8pe8ykks@servicewavesdo.za
100000,2017-05-01,Olivia Order,oorder.v7cm8pe8ykks@servicewavesdo.za
100000,2017-06-01,Olivia Order,oorder.v7cm8pe8ykks@servicewavesdo.za
100000,2017-07-01,Olivia Order,oorder.v7cm8pe8ykks@servicewavesdo.za
100000,2017-08-01,Olivia Order,oorder.v7cm8pe8ykks@servicewavesdo.za
100000,2017-09-01,Olivia Order,oorder.v7cm8pe8ykks@servicewavesdo.za
100000,2017-10-01,Olivia Order,oorder.v7cm8pe8ykks@servicewavesdo.za
100000,2017-11-01,Olivia Order,oorder.v7cm8pe8ykks@servicewavesdo.za
100000,2017-12-01,Olivia Order,oorder.v7cm8pe8ykks@servicewavesdo.za
100000,2017-01-01,Test User,tuser.xx4yihxoacm6@servicewavesdo.za
100000,2017-02-01,Test User,tuser.xx4yihxoacm6@servicewavesdo.za
100000,2017-03-01,Test User,tuser.xx4yihxoacm6@servicewavesdo.za
100000,2017-04-01,Test User,tuser.xx4yihxoacm6@servicewavesdo.za
100000,2017-05-01,Test User,tuser.xx4yihxoacm6@servicewavesdo.za
100000,2017-06-01,Test User,tuser.xx4yihxoacm6@servicewavesdo.za
100000,2017-07-01,Test User,tuser.xx4yihxoacm6@servicewavesdo.za
100000,2017-08-01,Test User,tuser.xx4yihxoacm6@servicewavesdo.za
100000,2017-09-01,Test User,tuser.xx4yihxoacm6@servicewavesdo.za
100000,2017-10-01,Test User,tuser.xx4yihxoacm6@servicewavesdo.za
100000,2017-11-01,Test User,tuser.xx4yihxoacm6@servicewavesdo.za
100000,2017-12-01,Test User,tuser.xx4yihxoacm6@servicewavesdo.za
100000,2017-01-01,Daryl Distributor,ddistributor.hctygojhcz60@servicewavesdo.za
100000,2017-02-01,Daryl Distributor,ddistributor.hctygojhcz60@servicewavesdo.za
100000,2017-03-01,Daryl Distributor,ddistributor.hctygojhcz60@servicewavesdo.za
100000,2017-04-01,Daryl Distributor,ddistributor.hctygojhcz60@servicewavesdo.za
100000,2017-05-01,Daryl Distributor,ddistributor.hctygojhcz60@servicewavesdo.za
100000,2017-06-01,Daryl Distributor,ddistributor.hctygojhcz60@servicewavesdo.za
100000,2017-07-01,Daryl Distributor,ddistributor.hctygojhcz60@servicewavesdo.za
100000,2017-08-01,Daryl Distributor,ddistributor.hctygojhcz60@servicewavesdo.za
100000,2017-09-01,Daryl Distributor,ddistributor.hctygojhcz60@servicewavesdo.za
100000,2017-10-01,Daryl Distributor,ddistributor.hctygojhcz60@servicewavesdo.za
100000,2017-11-01,Daryl Distributor,ddistributor.hctygojhcz60@servicewavesdo.za
100000,2017-12-01,Daryl Distributor,ddistributor.hctygojhcz60@servicewavesdo.za
100000,2017-01-01,Wes Chopra,wchopra.gjfadq9o9jes@servicewavesdo.za
100000,2017-02-01,Wes Chopra,wchopra.gjfadq9o9jes@servicewavesdo.za
100000,2017-03-01,Wes Chopra,wchopra.gjfadq9o9jes@servicewavesdo.za
100000,2017-04-01,Wes Chopra,wchopra.gjfadq9o9jes@servicewavesdo.za
100000,2017-05-01,Wes Chopra,wchopra.gjfadq9o9jes@servicewavesdo.za
100000,2017-06-01,Wes Chopra,wchopra.gjfadq9o9jes@servicewavesdo.za
100000,2017-07-01,Wes Chopra,wchopra.gjfadq9o9jes@servicewavesdo.za
100000,2017-08-01,Wes Chopra,wchopra.gjfadq9o9jes@servicewavesdo.za
100000,2017-09-01,Wes Chopra,wchopra.gjfadq9o9jes@servicewavesdo.za
100000,2017-10-01,Wes Chopra,wchopra.gjfadq9o9jes@servicewavesdo.za
100000,2017-11-01,Wes Chopra,wchopra.gjfadq9o9jes@servicewavesdo.za
100000,2017-12-01,Wes Chopra,wchopra.gjfadq9o9jes@servicewavesdo.za
100000,2017-01-01,SAP,sap.s7qfigrlxbor@servicewavesdo.za
100000,2017-02-01,SAP,sap.s7qfigrlxbor@servicewavesdo.za
100000,2017-03-01,SAP,sap.s7qfigrlxbor@servicewavesdo.za
100000,2017-04-01,SAP,sap.s7qfigrlxbor@servicewavesdo.za
100000,2017-05-01,SAP,sap.s7qfigrlxbor@servicewavesdo.za
100000,2017-06-01,SAP,sap.s7qfigrlxbor@servicewavesdo.za
100000,2017-07-01,SAP,sap.s7qfigrlxbor@servicewavesdo.za
100000,2017-08-01,SAP,sap.s7qfigrlxbor@servicewavesdo.za
100000,2017-09-01,SAP,sap.s7qfigrlxbor@servicewavesdo.za
100000,2017-10-01,SAP,sap.s7qfigrlxbor@servicewavesdo.za
100000,2017-11-01,SAP,sap.s7qfigrlxbor@servicewavesdo.za
100000,2017-12-01,SAP,sap.s7qfigrlxbor@servicewavesdo.za
100000,2017-01-01,James Wu,jwu.2pkydzlullf1@servicewavesdo.za
100000,2017-02-01,James Wu,jwu.2pkydzlullf1@servicewavesdo.za
100000,2017-03-01,James Wu,jwu.2pkydzlullf1@servicewavesdo.za
100000,2017-04-01,James Wu,jwu.2pkydzlullf1@servicewavesdo.za
100000,2017-05-01,James Wu,jwu.2pkydzlullf1@servicewavesdo.za
100000,2017-06-01,James Wu,jwu.2pkydzlullf1@servicewavesdo.za
100000,2017-07-01,James Wu,jwu.2pkydzlullf1@servicewavesdo.za
100000,2017-08-01,James Wu,jwu.2pkydzlullf1@servicewavesdo.za
100000,2017-09-01,James Wu,jwu.2pkydzlullf1@servicewavesdo.za
100000,2017-10-01,James Wu,jwu.2pkydzlullf1@servicewavesdo.za
100000,2017-11-01,James Wu,jwu.2pkydzlullf1@servicewavesdo.za
100000,2017-12-01,James Wu,jwu.2pkydzlullf1@servicewavesdo.za
100000,2017-01-01,Andrea Bowden,ab.ru9nh0yckl7d@servicewavesdo.za
100000,2017-02-01,Andrea Bowden,ab.ru9nh0yckl7d@servicewavesdo.za
100000,2017-03-01,Andrea Bowden,ab.ru9nh0yckl7d@servicewavesdo.za
100000,2017-04-01,Andrea Bowden,ab.ru9nh0yckl7d@servicewavesdo.za
100000,2017-05-01,Andrea Bowden,ab.ru9nh0yckl7d@servicewavesdo.za
100000,2017-06-01,Andrea Bowden,ab.ru9nh0yckl7d@servicewavesdo.za
100000,2017-07-01,Andrea Bowden,ab.ru9nh0yckl7d@servicewavesdo.za
100000,2017-08-01,Andrea Bowden,ab.ru9nh0yckl7d@servicewavesdo.za
100000,2017-09-01,Andrea Bowden,ab.ru9nh0yckl7d@servicewavesdo.za
100000,2017-10-01,Andrea Bowden,ab.ru9nh0yckl7d@servicewavesdo.za
100000,2017-11-01,Andrea Bowden,ab.ru9nh0yckl7d@servicewavesdo.za
100000,2017-12-01,Andrea Bowden,ab.ru9nh0yckl7d@servicewavesdo.za
100000,2017-01-01,Mark Kingston*,mk.7gmaknqffd4t@servicewavesdo.za
100000,2017-02-01,Mark Kingston*,mk.7gmaknqffd4t@servicewavesdo.za
100000,2017-03-01,Mark Kingston*,mk.7gmaknqffd4t@servicewavesdo.za
100000,2017-04-01,Mark Kingston*,mk.7gmaknqffd4t@servicewavesdo.za
100000,2017-05-01,Mark Kingston*,mk.7gmaknqffd4t@servicewavesdo.za
100000,2017-06-01,Mark Kingston*,mk.7gmaknqffd4t@servicewavesdo.za
100000,2017-07-01,Mark Kingston*,mk.7gmaknqffd4t@servicewavesdo.za
100000,2017-08-01,Mark Kingston*,mk.7gmaknqffd4t@servicewavesdo.za
100000,2017-09-01,Mark Kingston*,mk.7gmaknqffd4t@servicewavesdo.za
100000,2017-10-01,Mark Kingston*,mk.7gmaknqffd4t@servicewavesdo.za
100000,2017-11-01,Mark Kingston*,mk.7gmaknqffd4t@servicewavesdo.za
100000,2017-12-01,Mark Kingston*,mk.7gmaknqffd4t@servicewavesdo.za
100000,2017-01-01,Steve Ideas,si.n9cpbctgderu@servicewavesdo.za
100000,2017-02-01,Steve Ideas,si.n9cpbctgderu@servicewavesdo.za
100000,2017-03-01,Steve Ideas,si.n9cpbctgderu@servicewavesdo.za
100000,2017-04-01,Steve Ideas,si.n9cpbctgderu@servicewavesdo.za
100000,2017-05-01,Steve Ideas,si.n9cpbctgderu@servicewavesdo.za
100000,2017-06-01,Steve Ideas,si.n9cpbctgderu@servicewavesdo.za
100000,2017-07-01,Steve Ideas,si.n9cpbctgderu@servicewavesdo.za
100000,2017-08-01,Steve Ideas,si.n9cpbctgderu@servicewavesdo.za
100000,2017-09-01,Steve Ideas,si.n9cpbctgderu@servicewavesdo.za
100000,2017-10-01,Steve Ideas,si.n9cpbctgderu@servicewavesdo.za
100000,2017-11-01,Steve Ideas,si.n9cpbctgderu@servicewavesdo.za
100000,2017-12-01,Steve Ideas,si.n9cpbctgderu@servicewavesdo.za
100000,2017-01-01,Mark Metz,markmetz.wwchzcza0nlc@servicewavesdo.za
100000,2017-02-01,Mark Metz,markmetz.wwchzcza0nlc@servicewavesdo.za
100000,2017-03-01,Mark Metz,markmetz.wwchzcza0nlc@servicewavesdo.za
100000,2017-04-01,Mark Metz,markmetz.wwchzcza0nlc@servicewavesdo.za
100000,2017-05-01,Mark Metz,markmetz.wwchzcza0nlc@servicewavesdo.za
100000,2017-06-01,Mark Metz,markmetz.wwchzcza0nlc@servicewavesdo.za
100000,2017-07-01,Mark Metz,markmetz.wwchzcza0nlc@servicewavesdo.za
100000,2017-08-01,Mark Metz,markmetz.wwchzcza0nlc@servicewavesdo.za
100000,2017-09-01,Mark Metz,markmetz.wwchzcza0nlc@servicewavesdo.za
100000,2017-10-01,Mark Metz,markmetz.wwchzcza0nlc@servicewavesdo.za
100000,2017-11-01,Mark Metz,markmetz.wwchzcza0nlc@servicewavesdo.za
100000,2017-12-01,Mark Metz,markmetz.wwchzcza0nlc@servicewavesdo.za
100000,2017-01-01,Lauren Boyle,lboyle.5iqiereym7qy@servicewavesdo.za
100000,2017-02-01,Lauren Boyle,lboyle.5iqiereym7qy@servicewavesdo.za
100000,2017-03-01,Lauren Boyle,lboyle.5iqiereym7qy@servicewavesdo.za
100000,2017-04-01,Lauren Boyle,lboyle.5iqiereym7qy@servicewavesdo.za
100000,2017-05-01,Lauren Boyle,lboyle.5iqiereym7qy@servicewavesdo.za
100000,2017-06-01,Lauren Boyle,lboyle.5iqiereym7qy@servicewavesdo.za
100000,2017-07-01,Lauren Boyle,lboyle.5iqiereym7qy@servicewavesdo.za
100000,2017-08-01,Lauren Boyle,lboyle.5iqiereym7qy@servicewavesdo.za
100000,2017-09-01,Lauren Boyle,lboyle.5iqiereym7qy@servicewavesdo.za
100000,2017-10-01,Lauren Boyle,lboyle.5iqiereym7qy@servicewavesdo.za
100000,2017-11-01,Lauren Boyle,lboyle.5iqiereym7qy@servicewavesdo.za
100000,2017-12-01,Lauren Boyle,lboyle.5iqiereym7qy@servicewavesdo.za
100000,2017-01-01,Sarah Phillips,sphillips.ejidn9lhe7qk@servicewavesdo.za
100000,2017-02-01,Sarah Phillips,sphillips.ejidn9lhe7qk@servicewavesdo.za
100000,2017-03-01,Sarah Phillips,sphillips.ejidn9lhe7qk@servicewavesdo.za
100000,2017-04-01,Sarah Phillips,sphillips.ejidn9lhe7qk@servicewavesdo.za
100000,2017-05-01,Sarah Phillips,sphillips.ejidn9lhe7qk@servicewavesdo.za
100000,2017-06-01,Sarah Phillips,sphillips.ejidn9lhe7qk@servicewavesdo.za
100000,2017-07-01,Sarah Phillips,sphillips.ejidn9lhe7qk@servicewavesdo.za
100000,2017-08-01,Sarah Phillips,sphillips.ejidn9lhe7qk@servicewavesdo.za
100000,2017-09-01,Sarah Phillips,sphillips.ejidn9lhe7qk@servicewavesdo.za
100000,2017-10-01,Sarah Phillips,sphillips.ejidn9lhe7qk@servicewavesdo.za
100000,2017-11-01,Sarah Phillips,sphillips.ejidn9lhe7qk@servicewavesdo.za
100000,2017-12-01,Sarah Phillips,sphillips.ejidn9lhe7qk@servicewavesdo.za
100000,2017-01-01,Dan Perkins,dperkins.h9ex6pznarb8@servicewavesdo.za
100000,2017-02-01,Dan Perkins,dperkins.h9ex6pznarb8@servicewavesdo.za
100000,2017-03-01,Dan Perkins,dperkins.h9ex6pznarb8@servicewavesdo.za
100000,2017-04-01,Dan Perkins,dperkins.h9ex6pznarb8@servicewavesdo.za
100000,2017-05-01,Dan Perkins,dperkins.h9ex6pznarb8@servicewavesdo.za
100000,2017-06-01,Dan Perkins,dperkins.h9ex6pznarb8@servicewavesdo.za
100000,2017-07-01,Dan Perkins,dperkins.h9ex6pznarb8@servicewavesdo.za
100000,2017-08-01,Dan Perkins,dperkins.h9ex6pznarb8@servicewavesdo.za
100000,2017-09-01,Dan Perkins,dperkins.h9ex6pznarb8@servicewavesdo.za
100000,2017-10-01,Dan Perkins,dperkins.h9ex6pznarb8@servicewavesdo.za
100000,2017-11-01,Dan Perkins,dperkins.h9ex6pznarb8@servicewavesdo.za
100000,2017-12-01,Dan Perkins,dperkins.h9ex6pznarb8@servicewavesdo.za
100000,2017-01-01,Larry Baxter,_larry.baxter.524.mrnvy73g1nj6@servicewavesdo.za
100000,2017-02-01,Larry Baxter,_larry.baxter.524.mrnvy73g1nj6@servicewavesdo.za
100000,2017-03-01,Larry Baxter,_larry.baxter.524.mrnvy73g1nj6@servicewavesdo.za
100000,2017-04-01,Larry Baxter,_larry.baxter.524.mrnvy73g1nj6@servicewavesdo.za
100000,2017-05-01,Larry Baxter,_larry.baxter.524.mrnvy73g1nj6@servicewavesdo.za
100000,2017-06-01,Larry Baxter,_larry.baxter.524.mrnvy73g1nj6@servicewavesdo.za
100000,2017-07-01,Larry Baxter,_larry.baxter.524.mrnvy73g1nj6@servicewavesdo.za
100000,2017-08-01,Larry Baxter,_larry.baxter.524.mrnvy73g1nj6@servicewavesdo.za
100000,2017-09-01,Larry Baxter,_larry.baxter.524.mrnvy73g1nj6@servicewavesdo.za
100000,2017-10-01,Larry Baxter,_larry.baxter.524.mrnvy73g1nj6@servicewavesdo.za
100000,2017-11-01,Larry Baxter,_larry.baxter.524.mrnvy73g1nj6@servicewavesdo.za
100000,2017-12-01,Larry Baxter,_larry.baxter.524.mrnvy73g1nj6@servicewavesdo.za
100000,2017-01-01,Tammy Baxter,contact+tbaxter.jpwhzraehmyi@servicewavesdo.za
100000,2017-02-01,Tammy Baxter,contact+tbaxter.jpwhzraehmyi@servicewavesdo.za
100000,2017-03-01,Tammy Baxter,contact+tbaxter.jpwhzraehmyi@servicewavesdo.za
100000,2017-04-01,Tammy Baxter,contact+tbaxter.jpwhzraehmyi@servicewavesdo.za
100000,2017-05-01,Tammy Baxter,contact+tbaxter.jpwhzraehmyi@servicewavesdo.za
100000,2017-06-01,Tammy Baxter,contact+tbaxter.jpwhzraehmyi@servicewavesdo.za
100000,2017-07-01,Tammy Baxter,contact+tbaxter.jpwhzraehmyi@servicewavesdo.za
100000,2017-08-01,Tammy Baxter,contact+tbaxter.jpwhzraehmyi@servicewavesdo.za
100000,2017-09-01,Tammy Baxter,contact+tbaxter.jpwhzraehmyi@servicewavesdo.za
100000,2017-10-01,Tammy Baxter,contact+tbaxter.jpwhzraehmyi@servicewavesdo.za
100000,2017-11-01,Tammy Baxter,contact+tbaxter.jpwhzraehmyi@servicewavesdo.za
100000,2017-12-01,Tammy Baxter,contact+tbaxter.jpwhzraehmyi@servicewavesdo.za
100000,2017-01-01,Alice Kelley,akelley01487025654@demo.user
100000,2017-02-01,Alice Kelley,akelley01487025654@demo.user
100000,2017-03-01,Alice Kelley,akelley01487025654@demo.user
100000,2017-04-01,Alice Kelley,akelley01487025654@demo.user
100000,2017-05-01,Alice Kelley,akelley01487025654@demo.user
100000,2017-06-01,Alice Kelley,akelley01487025654@demo.user
100000,2017-07-01,Alice Kelley,akelley01487025654@demo.user
100000,2017-08-01,Alice Kelley,akelley01487025654@demo.user
100000,2017-09-01,Alice Kelley,akelley01487025654@demo.user
100000,2017-10-01,Alice Kelley,akelley01487025654@demo.user
100000,2017-11-01,Alice Kelley,akelley01487025654@demo.user
100000,2017-12-01,Alice Kelley,akelley01487025654@demo.user
100000,2017-01-01,Rose Wright,rwright11487025654@demo.user
100000,2017-02-01,Rose Wright,rwright11487025654@demo.user
100000,2017-03-01,Rose Wright,rwright11487025654@demo.user
100000,2017-04-01,Rose Wright,rwright11487025654@demo.user
100000,2017-05-01,Rose Wright,rwright11487025654@demo.user
100000,2017-06-01,Rose Wright,rwright11487025654@demo.user
100000,2017-07-01,Rose Wright,rwright11487025654@demo.user
100000,2017-08-01,Rose Wright,rwright11487025654@demo.user
100000,2017-09-01,Rose Wright,rwright11487025654@demo.user
100000,2017-10-01,Rose Wright,rwright11487025654@demo.user
100000,2017-11-01,Rose Wright,rwright11487025654@demo.user
100000,2017-12-01,Rose Wright,rwright11487025654@demo.user
100000,2017-01-01,Jose Montgomery,jmontgom@demo.user
100000,2017-02-01,Jose Montgomery,jmontgom@demo.user
100000,2017-03-01,Jose Montgomery,jmontgom@demo.user
100000,2017-04-01,Jose Montgomery,jmontgom@demo.user
100000,2017-05-01,Jose Montgomery,jmontgom@demo.user
100000,2017-06-01,Jose Montgomery,jmontgom@demo.user
100000,2017-07-01,Jose Montgomery,jmontgom@demo.user
100000,2017-08-01,Jose Montgomery,jmontgom@demo.user
100000,2017-09-01,Jose Montgomery,jmontgom@demo.user
100000,2017-10-01,Jose Montgomery,jmontgom@demo.user
100000,2017-11-01,Jose Montgomery,jmontgom@demo.user
100000,2017-12-01,Jose Montgomery,jmontgom@demo.user
100000,2017-01-01,Judith Kelly,jkelly1@demo.user
100000,2017-02-01,Judith Kelly,jkelly1@demo.user
100000,2017-03-01,Judith Kelly,jkelly1@demo.user
100000,2017-04-01,Judith Kelly,jkelly1@demo.user
100000,2017-05-01,Judith Kelly,jkelly1@demo.user
100000,2017-06-01,Judith Kelly,jkelly1@demo.user
100000,2017-07-01,Judith Kelly,jkelly1@demo.user
100000,2017-08-01,Judith Kelly,jkelly1@demo.user
100000,2017-09-01,Judith Kelly,jkelly1@demo.user
100000,2017-10-01,Judith Kelly,jkelly1@demo.user
100000,2017-11-01,Judith Kelly,jkelly1@demo.user
100000,2017-12-01,Judith Kelly,jkelly1@demo.user
100000,2017-01-01,Sandra Carr,scarr0@demo.user
100000,2017-02-01,Sandra Carr,scarr0@demo.user
100000,2017-03-01,Sandra Carr,scarr0@demo.user
100000,2017-04-01,Sandra Carr,scarr0@demo.user
100000,2017-05-01,Sandra Carr,scarr0@demo.user
100000,2017-06-01,Sandra Carr,scarr0@demo.user
100000,2017-07-01,Sandra Carr,scarr0@demo.user
100000,2017-08-01,Sandra Carr,scarr0@demo.user
100000,2017-09-01,Sandra Carr,scarr0@demo.user
100000,2017-10-01,Sandra Carr,scarr0@demo.user
100000,2017-11-01,Sandra Carr,scarr0@demo.user
100000,2017-12-01,Sandra Carr,scarr0@demo.user
100000,2017-01-01,Billy Ray,bray1@demo.user
100000,2017-02-01,Billy Ray,bray1@demo.user
100000,2017-03-01,Billy Ray,bray1@demo.user
100000,2017-04-01,Billy Ray,bray1@demo.user
100000,2017-05-01,Billy Ray,bray1@demo.user
100000,2017-06-01,Billy Ray,bray1@demo.user
100000,2017-07-01,Billy Ray,bray1@demo.user
100000,2017-08-01,Billy Ray,bray1@demo.user
100000,2017-09-01,Billy Ray,bray1@demo.user
100000,2017-10-01,Billy Ray,bray1@demo.user
100000,2017-11-01,Billy Ray,bray1@demo.user
100000,2017-12-01,Billy Ray,bray1@demo.user
100000,2017-01-01,Rebecca Lawrence,rlawrenc@demo.user
100000,2017-02-01,Rebecca Lawrence,rlawrenc@demo.user
100000,2017-03-01,Rebecca Lawrence,rlawrenc@demo.user
100000,2017-04-01,Rebecca Lawrence,rlawrenc@demo.user
100000,2017-05-01,Rebecca Lawrence,rlawrenc@demo.user
100000,2017-06-01,Rebecca Lawrence,rlawrenc@demo.user
100000,2017-07-01,Rebecca Lawrence,rlawrenc@demo.user
100000,2017-08-01,Rebecca Lawrence,rlawrenc@demo.user
100000,2017-09-01,Rebecca Lawrence,rlawrenc@demo.user
100000,2017-10-01,Rebecca Lawrence,rlawrenc@demo.user
100000,2017-11-01,Rebecca Lawrence,rlawrenc@demo.user
100000,2017-12-01,Rebecca Lawrence,rlawrenc@demo.user
100000,2017-01-01,Jonathan Johnston,jjohnsto@demo.user
100000,2017-02-01,Jonathan Johnston,jjohnsto@demo.user
100000,2017-03-01,Jonathan Johnston,jjohnsto@demo.user
100000,2017-04-01,Jonathan Johnston,jjohnsto@demo.user
100000,2017-05-01,Jonathan Johnston,jjohnsto@demo.user
100000,2017-06-01,Jonathan Johnston,jjohnsto@demo.user
100000,2017-07-01,Jonathan Johnston,jjohnsto@demo.user
100000,2017-08-01,Jonathan Johnston,jjohnsto@demo.user
100000,2017-09-01,Jonathan Johnston,jjohnsto@demo.user
100000,2017-10-01,Jonathan Johnston,jjohnsto@demo.user
100000,2017-11-01,Jonathan Johnston,jjohnsto@demo.user
100000,2017-12-01,Jonathan Johnston,jjohnsto@demo.user
100000,2017-01-01,Ernest Rivera,erivera1@demo.user
100000,2017-02-01,Ernest Rivera,erivera1@demo.user
100000,2017-03-01,Ernest Rivera,erivera1@demo.user
100000,2017-04-01,Ernest Rivera,erivera1@demo.user
100000,2017-05-01,Ernest Rivera,erivera1@demo.user
100000,2017-06-01,Ernest Rivera,erivera1@demo.user
100000,2017-07-01,Ernest Rivera,erivera1@demo.user
100000,2017-08-01,Ernest Rivera,erivera1@demo.user
100000,2017-09-01,Ernest Rivera,erivera1@demo.user
100000,2017-10-01,Ernest Rivera,erivera1@demo.user
100000,2017-11-01,Ernest Rivera,erivera1@demo.user
100000,2017-12-01,Ernest Rivera,erivera1@demo.user
100000,2017-01-01,Albert Burns,aburns2@demo.user
100000,2017-02-01,Albert Burns,aburns2@demo.user
100000,2017-03-01,Albert Burns,aburns2@demo.user
100000,2017-04-01,Albert Burns,aburns2@demo.user
100000,2017-05-01,Albert Burns,aburns2@demo.user
100000,2017-06-01,Albert Burns,aburns2@demo.user
100000,2017-07-01,Albert Burns,aburns2@demo.user
100000,2017-08-01,Albert Burns,aburns2@demo.user
100000,2017-09-01,Albert Burns,aburns2@demo.user
100000,2017-10-01,Albert Burns,aburns2@demo.user
100000,2017-11-01,Albert Burns,aburns2@demo.user
100000,2017-12-01,Albert Burns,aburns2@demo.user
100000,2017-01-01,Jane Perry,jperry3@demo.user
100000,2017-02-01,Jane Perry,jperry3@demo.user
100000,2017-03-01,Jane Perry,jperry3@demo.user
100000,2017-04-01,Jane Perry,jperry3@demo.user
100000,2017-05-01,Jane Perry,jperry3@demo.user
100000,2017-06-01,Jane Perry,jperry3@demo.user
100000,2017-07-01,Jane Perry,jperry3@demo.user
100000,2017-08-01,Jane Perry,jperry3@demo.user
100000,2017-09-01,Jane Perry,jperry3@demo.user
100000,2017-10-01,Jane Perry,jperry3@demo.user
100000,2017-11-01,Jane Perry,jperry3@demo.user
100000,2017-12-01,Jane Perry,jperry3@demo.user
100000,2017-01-01,Maria Fuller,mfuller21487025655@demo.user
100000,2017-02-01,Maria Fuller,mfuller21487025655@demo.user
100000,2017-03-01,Maria Fuller,mfuller21487025655@demo.user
100000,2017-04-01,Maria Fuller,mfuller21487025655@demo.user
100000,2017-05-01,Maria Fuller,mfuller21487025655@demo.user
100000,2017-06-01,Maria Fuller,mfuller21487025655@demo.user
100000,2017-07-01,Maria Fuller,mfuller21487025655@demo.user
100000,2017-08-01,Maria Fuller,mfuller21487025655@demo.user
100000,2017-09-01,Maria Fuller,mfuller21487025655@demo.user
100000,2017-10-01,Maria Fuller,mfuller21487025655@demo.user
100000,2017-11-01,Maria Fuller,mfuller21487025655@demo.user
100000,2017-12-01,Maria Fuller,mfuller21487025655@demo.user
100000,2017-01-01,Steve Meyer,smeyer31487025655@demo.user
100000,2017-02-01,Steve Meyer,smeyer31487025655@demo.user
100000,2017-03-01,Steve Meyer,smeyer31487025655@demo.user
100000,2017-04-01,Steve Meyer,smeyer31487025655@demo.user
100000,2017-05-01,Steve Meyer,smeyer31487025655@demo.user
100000,2017-06-01,Steve Meyer,smeyer31487025655@demo.user
100000,2017-07-01,Steve Meyer,smeyer31487025655@demo.user
100000,2017-08-01,Steve Meyer,smeyer31487025655@demo.user
100000,2017-09-01,Steve Meyer,smeyer31487025655@demo.user
100000,2017-10-01,Steve Meyer,smeyer31487025655@demo.user
100000,2017-11-01,Steve Meyer,smeyer31487025655@demo.user
100000,2017-12-01,Steve Meyer,smeyer31487025655@demo.user
100000,2017-01-01,Kelly Roberts,kroberts1487025655@demo.user
100000,2017-02-01,Kelly Roberts,kroberts1487025655@demo.user
100000,2017-03-01,Kelly Roberts,kroberts1487025655@demo.user
100000,2017-04-01,Kelly Roberts,kroberts1487025655@demo.user
100000,2017-05-01,Kelly Roberts,kroberts1487025655@demo.user
100000,2017-06-01,Kelly Roberts,kroberts1487025655@demo.user
100000,2017-07-01,Kelly Roberts,kroberts1487025655@demo.user
100000,2017-08-01,Kelly Roberts,kroberts1487025655@demo.user
100000,2017-09-01,Kelly Roberts,kroberts1487025655@demo.user
100000,2017-10-01,Kelly Roberts,kroberts1487025655@demo.user
100000,2017-11-01,Kelly Roberts,kroberts1487025655@demo.user
100000,2017-12-01,Kelly Roberts,kroberts1487025655@demo.user
100000,2017-01-01,Russell Hill,rhill51487025655@demo.user
100000,2017-02-01,Russell Hill,rhill51487025655@demo.user
100000,2017-03-01,Russell Hill,rhill51487025655@demo.user
100000,2017-04-01,Russell Hill,rhill51487025655@demo.user
100000,2017-05-01,Russell Hill,rhill51487025655@demo.user
100000,2017-06-01,Russell Hill,rhill51487025655@demo.user
100000,2017-07-01,Russell Hill,rhill51487025655@demo.user
100000,2017-08-01,Russell Hill,rhill51487025655@demo.user
100000,2017-09-01,Russell Hill,rhill51487025655@demo.user
100000,2017-10-01,Russell Hill,rhill51487025655@demo.user
100000,2017-11-01,Russell Hill,rhill51487025655@demo.user
100000,2017-12-01,Russell Hill,rhill51487025655@demo.user
100000,2017-01-01,Marilyn Reed,mreed61487025655@demo.user
100000,2017-02-01,Marilyn Reed,mreed61487025655@demo.user
100000,2017-03-01,Marilyn Reed,mreed61487025655@demo.user
100000,2017-04-01,Marilyn Reed,mreed61487025655@demo.user
100000,2017-05-01,Marilyn Reed,mreed61487025655@demo.user
100000,2017-06-01,Marilyn Reed,mreed61487025655@demo.user
100000,2017-07-01,Marilyn Reed,mreed61487025655@demo.user
100000,2017-08-01,Marilyn Reed,mreed61487025655@demo.user
100000,2017-09-01,Marilyn Reed,mreed61487025655@demo.user
100000,2017-10-01,Marilyn Reed,mreed61487025655@demo.user
100000,2017-11-01,Marilyn Reed,mreed61487025655@demo.user
100000,2017-12-01,Marilyn Reed,mreed61487025655@demo.user
100000,2017-01-01,Robert Diaz,rdiaz71487025655@demo.user
100000,2017-02-01,Robert Diaz,rdiaz71487025655@demo.user
100000,2017-03-01,Robert Diaz,rdiaz71487025655@demo.user
100000,2017-04-01,Robert Diaz,rdiaz71487025655@demo.user
100000,2017-05-01,Robert Diaz,rdiaz71487025655@demo.user
100000,2017-06-01,Robert Diaz,rdiaz71487025655@demo.user
100000,2017-07-01,Robert Diaz,rdiaz71487025655@demo.user
100000,2017-08-01,Robert Diaz,rdiaz71487025655@demo.user
100000,2017-09-01,Robert Diaz,rdiaz71487025655@demo.user
100000,2017-10-01,Robert Diaz,rdiaz71487025655@demo.user
100000,2017-11-01,Robert Diaz,rdiaz71487025655@demo.user
100000,2017-12-01,Robert Diaz,rdiaz71487025655@demo.user
100000,2017-01-01,Philip Thomas,pthomas81487025655@demo.user
100000,2017-02-01,Philip Thomas,pthomas81487025655@demo.user
100000,2017-03-01,Philip Thomas,pthomas81487025655@demo.user
100000,2017-04-01,Philip Thomas,pthomas81487025655@demo.user
100000,2017-05-01,Philip Thomas,pthomas81487025655@demo.user
100000,2017-06-01,Philip Thomas,pthomas81487025655@demo.user
100000,2017-07-01,Philip Thomas,pthomas81487025655@demo.user
100000,2017-08-01,Philip Thomas,pthomas81487025655@demo.user
100000,2017-09-01,Philip Thomas,pthomas81487025655@demo.user
100000,2017-10-01,Philip Thomas,pthomas81487025655@demo.user
100000,2017-11-01,Philip Thomas,pthomas81487025655@demo.user
100000,2017-12-01,Philip Thomas,pthomas81487025655@demo.user
100000,2017-01-01,Nancy Perez,nperez91487025655@demo.user
100000,2017-02-01,Nancy Perez,nperez91487025655@demo.user
100000,2017-03-01,Nancy Perez,nperez91487025655@demo.user
100000,2017-04-01,Nancy Perez,nperez91487025655@demo.user
100000,2017-05-01,Nancy Perez,nperez91487025655@demo.user
100000,2017-06-01,Nancy Perez,nperez91487025655@demo.user
100000,2017-07-01,Nancy Perez,nperez91487025655@demo.user
100000,2017-08-01,Nancy Perez,nperez91487025655@demo.user
100000,2017-09-01,Nancy Perez,nperez91487025655@demo.user
100000,2017-10-01,Nancy Perez,nperez91487025655@demo.user
100000,2017-11-01,Nancy Perez,nperez91487025655@demo.user
100000,2017-12-01,Nancy Perez,nperez91487025655@demo.user
100000,2017-01-01,Gregory Stone,gstonea1487025655@demo.user
100000,2017-02-01,Gregory Stone,gstonea1487025655@demo.user
100000,2017-03-01,Gregory Stone,gstonea1487025655@demo.user
100000,2017-04-01,Gregory Stone,gstonea1487025655@demo.user
100000,2017-05-01,Gregory Stone,gstonea1487025655@demo.user
100000,2017-06-01,Gregory Stone,gstonea1487025655@demo.user
100000,2017-07-01,Gregory Stone,gstonea1487025655@demo.user
100000,2017-08-01,Gregory Stone,gstonea1487025655@demo.user
100000,2017-09-01,Gregory Stone,gstonea1487025655@demo.user
100000,2017-10-01,Gregory Stone,gstonea1487025655@demo.user
100000,2017-11-01,Gregory Stone,gstonea1487025655@demo.user
100000,2017-12-01,Gregory Stone,gstonea1487025655@demo.user
100000,2017-01-01,Frances Gardner,fgardner1487025655@demo.user
100000,2017-02-01,Frances Gardner,fgardner1487025655@demo.user
100000,2017-03-01,Frances Gardner,fgardner1487025655@demo.user
100000,2017-04-01,Frances Gardner,fgardner1487025655@demo.user
100000,2017-05-01,Frances Gardner,fgardner1487025655@demo.user
100000,2017-06-01,Frances Gardner,fgardner1487025655@demo.user
100000,2017-07-01,Frances Gardner,fgardner1487025655@demo.user
100000,2017-08-01,Frances Gardner,fgardner1487025655@demo.user
100000,2017-09-01,Frances Gardner,fgardner1487025655@demo.user
100000,2017-10-01,Frances Gardner,fgardner1487025655@demo.user
100000,2017-11-01,Frances Gardner,fgardner1487025655@demo.user
100000,2017-12-01,Frances Gardner,fgardner1487025655@demo.user
100000,2017-01-01,Jane Owens,jowensc1487025655@demo.user
100000,2017-02-01,Jane Owens,jowensc1487025655@demo.user
100000,2017-03-01,Jane Owens,jowensc1487025655@demo.user
100000,2017-04-01,Jane Owens,jowensc1487025655@demo.user
100000,2017-05-01,Jane Owens,jowensc1487025655@demo.user
100000,2017-06-01,Jane Owens,jowensc1487025655@demo.user
100000,2017-07-01,Jane Owens,jowensc1487025655@demo.user
100000,2017-08-01,Jane Owens,jowensc1487025655@demo.user
100000,2017-09-01,Jane Owens,jowensc1487025655@demo.user
100000,2017-10-01,Jane Owens,jowensc1487025655@demo.user
100000,2017-11-01,Jane Owens,jowensc1487025655@demo.user
100000,2017-12-01,Jane Owens,jowensc1487025655@demo.user
100000,2017-01-01,Ralph Greene,rgreened1487025655@demo.user
100000,2017-02-01,Ralph Greene,rgreened1487025655@demo.user
100000,2017-03-01,Ralph Greene,rgreened1487025655@demo.user
100000,2017-04-01,Ralph Greene,rgreened1487025655@demo.user
100000,2017-05-01,Ralph Greene,rgreened1487025655@demo.user
100000,2017-06-01,Ralph Greene,rgreened1487025655@demo.user
100000,2017-07-01,Ralph Greene,rgreened1487025655@demo.user
100000,2017-08-01,Ralph Greene,rgreened1487025655@demo.user
100000,2017-09-01,Ralph Greene,rgreened1487025655@demo.user
100000,2017-10-01,Ralph Greene,rgreened1487025655@demo.user
100000,2017-11-01,Ralph Greene,rgreened1487025655@demo.user
100000,2017-12-01,Ralph Greene,rgreened1487025655@demo.user
100000,2017-01-01,Adam Foster,afostere1487025655@demo.user
100000,2017-02-01,Adam Foster,afostere1487025655@demo.user
100000,2017-03-01,Adam Foster,afostere1487025655@demo.user
100000,2017-04-01,Adam Foster,afostere1487025655@demo.user
100000,2017-05-01,Adam Foster,afostere1487025655@demo.user
100000,2017-06-01,Adam Foster,afostere1487025655@demo.user
100000,2017-07-01,Adam Foster,afostere1487025655@demo.user
100000,2017-08-01,Adam Foster,afostere1487025655@demo.user
100000,2017-09-01,Adam Foster,afostere1487025655@demo.user
100000,2017-10-01,Adam Foster,afostere1487025655@demo.user
100000,2017-11-01,Adam Foster,afostere1487025655@demo.user
100000,2017-12-01,Adam Foster,afostere1487025655@demo.user
100000,2017-01-01,Johnny Reed,jreedf1487025655@demo.user
100000,2017-02-01,Johnny Reed,jreedf1487025655@demo.user
100000,2017-03-01,Johnny Reed,jreedf1487025655@demo.user
100000,2017-04-01,Johnny Reed,jreedf1487025655@demo.user
100000,2017-05-01,Johnny Reed,jreedf1487025655@demo.user
100000,2017-06-01,Johnny Reed,jreedf1487025655@demo.user
100000,2017-07-01,Johnny Reed,jreedf1487025655@demo.user
100000,2017-08-01,Johnny Reed,jreedf1487025655@demo.user
100000,2017-09-01,Johnny Reed,jreedf1487025655@demo.user
100000,2017-10-01,Johnny Reed,jreedf1487025655@demo.user
100000,2017-11-01,Johnny Reed,jreedf1487025655@demo.user
100000,2017-12-01,Johnny Reed,jreedf1487025655@demo.user
100000,2017-01-01,Victor Ward,vwardg1487025655@demo.user
100000,2017-02-01,Victor Ward,vwardg1487025655@demo.user
100000,2017-03-01,Victor Ward,vwardg1487025655@demo.user
100000,2017-04-01,Victor Ward,vwardg1487025655@demo.user
100000,2017-05-01,Victor Ward,vwardg1487025655@demo.user
100000,2017-06-01,Victor Ward,vwardg1487025655@demo.user
100000,2017-07-01,Victor Ward,vwardg1487025655@demo.user
100000,2017-08-01,Victor Ward,vwardg1487025655@demo.user
100000,2017-09-01,Victor Ward,vwardg1487025655@demo.user
100000,2017-10-01,Victor Ward,vwardg1487025655@demo.user
100000,2017-11-01,Victor Ward,vwardg1487025655@demo.user
100000,2017-12-01,Victor Ward,vwardg1487025655@demo.user
100000,2017-01-01,Carol White,cwhiteh1487025655@demo.user
100000,2017-02-01,Carol White,cwhiteh1487025655@demo.user
100000,2017-03-01,Carol White,cwhiteh1487025655@demo.user
100000,2017-04-01,Carol White,cwhiteh1487025655@demo.user
100000,2017-05-01,Carol White,cwhiteh1487025655@demo.user
100000,2017-06-01,Carol White,cwhiteh1487025655@demo.user
100000,2017-07-01,Carol White,cwhiteh1487025655@demo.user
100000,2017-08-01,Carol White,cwhiteh1487025655@demo.user
100000,2017-09-01,Carol White,cwhiteh1487025655@demo.user
100000,2017-10-01,Carol White,cwhiteh1487025655@demo.user
100000,2017-11-01,Carol White,cwhiteh1487025655@demo.user
100000,2017-12-01,Carol White,cwhiteh1487025655@demo.user
100000,2017-01-01,Shirley Henderson,shenders1487025655@demo.user
100000,2017-02-01,Shirley Henderson,shenders1487025655@demo.user
100000,2017-03-01,Shirley Henderson,shenders1487025655@demo.user
100000,2017-04-01,Shirley Henderson,shenders1487025655@demo.user
100000,2017-05-01,Shirley Henderson,shenders1487025655@demo.user
100000,2017-06-01,Shirley Henderson,shenders1487025655@demo.user
100000,2017-07-01,Shirley Henderson,shenders1487025655@demo.user
100000,2017-08-01,Shirley Henderson,shenders1487025655@demo.user
100000,2017-09-01,Shirley Henderson,shenders1487025655@demo.user
100000,2017-10-01,Shirley Henderson,shenders1487025655@demo.user
100000,2017-11-01,Shirley Henderson,shenders1487025655@demo.user
100000,2017-12-01,Shirley Henderson,shenders1487025655@demo.user
100000,2017-01-01,Jose Moreno,jmorenoj1487025655@demo.user
100000,2017-02-01,Jose Moreno,jmorenoj1487025655@demo.user
100000,2017-03-01,Jose Moreno,jmorenoj1487025655@demo.user
100000,2017-04-01,Jose Moreno,jmorenoj1487025655@demo.user
100000,2017-05-01,Jose Moreno,jmorenoj1487025655@demo.user
100000,2017-06-01,Jose Moreno,jmorenoj1487025655@demo.user
100000,2017-07-01,Jose Moreno,jmorenoj1487025655@demo.user
100000,2017-08-01,Jose Moreno,jmorenoj1487025655@demo.user
100000,2017-09-01,Jose Moreno,jmorenoj1487025655@demo.user
100000,2017-10-01,Jose Moreno,jmorenoj1487025655@demo.user
100000,2017-11-01,Jose Moreno,jmorenoj1487025655@demo.user
100000,2017-12-01,Jose Moreno,jmorenoj1487025655@demo.user
