External_Id__c,User.External_Id__c,ArticleVersionNumber__c,CreatedDate__c,KnowledgeArticle.External_Id__c,IsSharedByEmail__c,Case.External_Id__c
W_CaseArticle.1,W_Services_User.12,1,2017-01-12 00:00:00,W_KCSArticle.858,TRUE,W_Case.1841
W_CaseArticle.2,W_Services_User.10,1,2016-09-18 00:00:00,W_KCSArticle.714,TRUE,W_Case.1004
W_CaseArticle.3,W_Services_User.14,1,2016-09-12 00:00:00,W_KCSArticle.963,FALSE,W_Case.3735
W_CaseArticle.4,W_Services_User.12,1,2016-08-08 00:00:00,W_KCSArticle.685,FALSE,W_Case.7336
W_CaseArticle.5,W_Services_User.6,1,2016-07-06 00:00:00,W_KCSArticle.64,TRUE,W_Case.5132
W_CaseArticle.6,W_Services_User.7,1,2017-01-27 00:00:00,W_KCSArticle.835,FALSE,W_Case.6997
W_CaseArticle.7,W_Services_User.8,1,2017-02-16 00:00:00,W_KCSArticle.287,TRUE,W_Case.3574
W_CaseArticle.8,W_Services_User.3,1,2017-02-17 00:00:00,W_KCSArticle.73,TRUE,W_Case.4579
W_CaseArticle.9,W_Services_User.17,1,2016-11-18 00:00:00,W_KCSArticle.402,TRUE,W_Case.1490
W_CaseArticle.10,W_Services_User.13,1,2016-09-11 00:00:00,W_KCSArticle.780,FALSE,W_Case.4675
W_CaseArticle.11,W_Services_User.14,1,2016-08-01 00:00:00,W_KCSArticle.499,FALSE,W_Case.3248
W_CaseArticle.12,W_Services_User.19,1,2016-09-03 00:00:00,W_KCSArticle.618,FALSE,W_Case.4408
W_CaseArticle.13,W_Services_User.9,1,2016-08-03 00:00:00,W_KCSArticle.933,FALSE,W_Case.4587
W_CaseArticle.14,W_Services_User.13,1,2016-09-08 00:00:00,W_KCSArticle.678,TRUE,W_Case.990
W_CaseArticle.15,W_Services_User.18,1,2016-12-16 00:00:00,W_KCSArticle.830,TRUE,W_Case.4270
W_CaseArticle.16,W_Services_User.12,1,2017-01-15 00:00:00,W_KCSArticle.758,FALSE,W_Case.1285
W_CaseArticle.17,W_Services_User.13,1,2017-02-04 00:00:00,W_KCSArticle.66,TRUE,W_Case.7167
W_CaseArticle.18,W_Services_User.17,1,2016-09-10 00:00:00,W_KCSArticle.955,TRUE,W_Case.3329
W_CaseArticle.19,W_Services_User.3,1,2017-02-26 00:00:00,W_KCSArticle.35,TRUE,W_Case.6404
W_CaseArticle.20,W_Services_User.7,1,2016-07-04 00:00:00,W_KCSArticle.992,FALSE,W_Case.4848
W_CaseArticle.21,W_Services_User.11,1,2016-05-25 00:00:00,W_KCSArticle.540,TRUE,W_Case.781
W_CaseArticle.22,W_Services_User.13,1,2016-11-10 00:00:00,W_KCSArticle.920,FALSE,W_Case.5282
W_CaseArticle.23,W_Services_User.11,1,2016-07-30 00:00:00,W_KCSArticle.561,TRUE,W_Case.728
W_CaseArticle.24,W_Services_User.14,1,2016-11-09 00:00:00,W_KCSArticle.13,FALSE,W_Case.465
W_CaseArticle.25,W_Services_User.17,1,2016-12-11 00:00:00,W_KCSArticle.314,FALSE,W_Case.6733
W_CaseArticle.26,W_Services_User.17,1,2016-08-07 00:00:00,W_KCSArticle.445,FALSE,W_Case.2114
W_CaseArticle.27,W_Services_User.7,1,2016-11-28 00:00:00,W_KCSArticle.976,FALSE,W_Case.3670
W_CaseArticle.28,W_Services_User.17,1,2017-01-18 00:00:00,W_KCSArticle.68,TRUE,W_Case.4452
W_CaseArticle.29,W_Services_User.5,1,2016-11-21 00:00:00,W_KCSArticle.886,TRUE,W_Case.2489
W_CaseArticle.30,W_Services_User.12,1,2017-01-23 00:00:00,W_KCSArticle.797,TRUE,W_Case.1408
W_CaseArticle.31,W_Services_User.4,1,2016-04-12 00:00:00,W_KCSArticle.170,TRUE,W_Case.2853
W_CaseArticle.32,W_Services_User.7,1,2017-03-12 00:00:00,W_KCSArticle.939,FALSE,W_Case.2663
W_CaseArticle.33,W_Services_User.1,1,2017-04-08 00:00:00,W_KCSArticle.708,FALSE,W_Case.6884
W_CaseArticle.34,W_Services_User.4,1,2016-06-07 00:00:00,W_KCSArticle.21,TRUE,W_Case.514
W_CaseArticle.35,W_Services_User.18,1,2016-08-09 00:00:00,W_KCSArticle.215,TRUE,W_Case.613
W_CaseArticle.36,W_Services_User.1,1,2017-02-05 00:00:00,W_KCSArticle.270,FALSE,W_Case.5335
W_CaseArticle.37,W_Services_User.18,1,2016-07-28 00:00:00,W_KCSArticle.573,TRUE,W_Case.25
W_CaseArticle.38,W_Services_User.13,1,2017-03-09 00:00:00,W_KCSArticle.703,TRUE,W_Case.845
W_CaseArticle.39,W_Services_User.10,1,2016-07-14 00:00:00,W_KCSArticle.569,FALSE,W_Case.3626
W_CaseArticle.40,W_Services_User.6,1,2016-05-07 00:00:00,W_KCSArticle.370,TRUE,W_Case.2157
W_CaseArticle.41,W_Services_User.19,1,2016-09-06 00:00:00,W_KCSArticle.427,FALSE,W_Case.6270
W_CaseArticle.42,W_Services_User.15,1,2016-04-25 00:00:00,W_KCSArticle.173,TRUE,W_Case.6751
W_CaseArticle.43,W_Services_User.14,1,2016-06-16 00:00:00,W_KCSArticle.117,TRUE,W_Case.2466
W_CaseArticle.44,W_Services_User.13,1,2017-01-16 00:00:00,W_KCSArticle.550,TRUE,W_Case.6018
W_CaseArticle.45,W_Services_User.3,1,2016-12-14 00:00:00,W_KCSArticle.118,FALSE,W_Case.3884
W_CaseArticle.46,W_Services_User.16,1,2016-11-06 00:00:00,W_KCSArticle.244,FALSE,W_Case.1256
W_CaseArticle.47,W_Services_User.15,1,2016-12-02 00:00:00,W_KCSArticle.968,TRUE,W_Case.3062
W_CaseArticle.48,W_Services_User.5,1,2017-01-27 00:00:00,W_KCSArticle.139,FALSE,W_Case.1278
W_CaseArticle.49,W_Services_User.4,1,2016-06-10 00:00:00,W_KCSArticle.489,FALSE,W_Case.7428
W_CaseArticle.50,W_Services_User.4,1,2017-03-11 00:00:00,W_KCSArticle.96,FALSE,W_Case.5712
W_CaseArticle.51,W_Services_User.19,1,2016-05-10 00:00:00,W_KCSArticle.47,FALSE,W_Case.1401
W_CaseArticle.52,W_Services_User.7,1,2016-12-28 00:00:00,W_KCSArticle.579,FALSE,W_Case.4916
W_CaseArticle.53,W_Services_User.15,1,2016-10-07 00:00:00,W_KCSArticle.50,TRUE,W_Case.2958
W_CaseArticle.54,W_Services_User.20,1,2016-09-29 00:00:00,W_KCSArticle.807,TRUE,W_Case.5299
W_CaseArticle.55,W_Services_User.4,1,2016-11-26 00:00:00,W_KCSArticle.53,TRUE,W_Case.4071
W_CaseArticle.56,W_Services_User.9,1,2017-01-09 00:00:00,W_KCSArticle.279,FALSE,W_Case.4704
W_CaseArticle.57,W_Services_User.15,1,2017-03-06 00:00:00,W_KCSArticle.990,FALSE,W_Case.6698
W_CaseArticle.58,W_Services_User.19,1,2016-08-13 00:00:00,W_KCSArticle.353,FALSE,W_Case.406
W_CaseArticle.59,W_Services_User.5,1,2016-08-15 00:00:00,W_KCSArticle.794,TRUE,W_Case.6598
W_CaseArticle.60,W_Services_User.20,1,2017-02-04 00:00:00,W_KCSArticle.942,TRUE,W_Case.52
W_CaseArticle.61,W_Services_User.2,1,2016-09-19 00:00:00,W_KCSArticle.605,TRUE,W_Case.2338
W_CaseArticle.62,W_Services_User.13,1,2016-07-08 00:00:00,W_KCSArticle.359,FALSE,W_Case.4004
W_CaseArticle.63,W_Services_User.9,1,2016-11-16 00:00:00,W_KCSArticle.741,FALSE,W_Case.4070
W_CaseArticle.64,W_Services_User.15,1,2017-01-05 00:00:00,W_KCSArticle.708,FALSE,W_Case.6155
W_CaseArticle.65,W_Services_User.12,1,2016-11-06 00:00:00,W_KCSArticle.805,FALSE,W_Case.2120
W_CaseArticle.66,W_Services_User.15,1,2017-02-04 00:00:00,W_KCSArticle.577,FALSE,W_Case.1918
W_CaseArticle.67,W_Services_User.16,1,2017-04-07 00:00:00,W_KCSArticle.335,TRUE,W_Case.4094
W_CaseArticle.68,W_Services_User.16,1,2016-04-22 00:00:00,W_KCSArticle.236,TRUE,W_Case.5772
W_CaseArticle.69,W_Services_User.15,1,2017-03-22 00:00:00,W_KCSArticle.911,FALSE,W_Case.5371
W_CaseArticle.70,W_Services_User.12,1,2017-03-30 00:00:00,W_KCSArticle.713,FALSE,W_Case.4068
W_CaseArticle.71,W_Services_User.13,1,2017-01-13 00:00:00,W_KCSArticle.687,TRUE,W_Case.5509
W_CaseArticle.72,W_Services_User.8,1,2016-07-16 00:00:00,W_KCSArticle.105,TRUE,W_Case.1010
W_CaseArticle.73,W_Services_User.12,1,2016-11-17 00:00:00,W_KCSArticle.598,TRUE,W_Case.7425
W_CaseArticle.74,W_Services_User.14,1,2016-05-14 00:00:00,W_KCSArticle.475,FALSE,W_Case.1547
W_CaseArticle.75,W_Services_User.17,1,2016-11-21 00:00:00,W_KCSArticle.746,FALSE,W_Case.5860
W_CaseArticle.76,W_Services_User.6,1,2016-07-18 00:00:00,W_KCSArticle.196,TRUE,W_Case.5752
W_CaseArticle.77,W_Services_User.20,1,2016-05-11 00:00:00,W_KCSArticle.381,FALSE,W_Case.50
W_CaseArticle.78,W_Services_User.18,1,2016-08-04 00:00:00,W_KCSArticle.294,FALSE,W_Case.298
W_CaseArticle.79,W_Services_User.2,1,2016-12-28 00:00:00,W_KCSArticle.154,FALSE,W_Case.7264
W_CaseArticle.80,W_Services_User.20,1,2016-12-11 00:00:00,W_KCSArticle.910,FALSE,W_Case.3117
W_CaseArticle.81,W_Services_User.9,1,2017-02-01 00:00:00,W_KCSArticle.686,FALSE,W_Case.2191
W_CaseArticle.82,W_Services_User.11,1,2017-03-08 00:00:00,W_KCSArticle.231,FALSE,W_Case.227
W_CaseArticle.83,W_Services_User.12,1,2016-12-15 00:00:00,W_KCSArticle.543,FALSE,W_Case.5195
W_CaseArticle.84,W_Services_User.19,1,2016-12-02 00:00:00,W_KCSArticle.69,FALSE,W_Case.1554
W_CaseArticle.85,W_Services_User.15,1,2016-11-27 00:00:00,W_KCSArticle.882,FALSE,W_Case.730
W_CaseArticle.86,W_Services_User.4,1,2016-08-26 00:00:00,W_KCSArticle.377,FALSE,W_Case.15
W_CaseArticle.87,W_Services_User.7,1,2016-07-19 00:00:00,W_KCSArticle.373,FALSE,W_Case.5266
W_CaseArticle.88,W_Services_User.2,1,2016-07-08 00:00:00,W_KCSArticle.396,TRUE,W_Case.1733
W_CaseArticle.89,W_Services_User.16,1,2017-03-28 00:00:00,W_KCSArticle.774,TRUE,W_Case.4465
W_CaseArticle.90,W_Services_User.17,1,2016-12-19 00:00:00,W_KCSArticle.170,FALSE,W_Case.952
W_CaseArticle.91,W_Services_User.11,1,2016-04-15 00:00:00,W_KCSArticle.244,TRUE,W_Case.982
W_CaseArticle.92,W_Services_User.3,1,2016-05-03 00:00:00,W_KCSArticle.616,FALSE,W_Case.7228
W_CaseArticle.93,W_Services_User.6,1,2016-12-06 00:00:00,W_KCSArticle.988,FALSE,W_Case.1228
W_CaseArticle.94,W_Services_User.17,1,2016-07-16 00:00:00,W_KCSArticle.840,FALSE,W_Case.1215
W_CaseArticle.95,W_Services_User.7,1,2016-07-23 00:00:00,W_KCSArticle.416,FALSE,W_Case.4324
W_CaseArticle.96,W_Services_User.5,1,2017-03-14 00:00:00,W_KCSArticle.580,TRUE,W_Case.6247
W_CaseArticle.97,W_Services_User.17,1,2017-03-16 00:00:00,W_KCSArticle.827,FALSE,W_Case.507
W_CaseArticle.98,W_Services_User.15,1,2016-10-24 00:00:00,W_KCSArticle.186,TRUE,W_Case.5276
W_CaseArticle.99,W_Services_User.12,1,2016-11-01 00:00:00,W_KCSArticle.296,FALSE,W_Case.3366
W_CaseArticle.100,W_Services_User.13,1,2016-10-18 00:00:00,W_KCSArticle.166,FALSE,W_Case.4884
W_CaseArticle.101,W_Services_User.4,1,2016-12-30 00:00:00,W_KCSArticle.110,TRUE,W_Case.1043
W_CaseArticle.102,W_Services_User.2,1,2016-11-15 00:00:00,W_KCSArticle.990,TRUE,W_Case.495
W_CaseArticle.103,W_Services_User.12,1,2016-04-18 00:00:00,W_KCSArticle.753,FALSE,W_Case.5833
W_CaseArticle.104,W_Services_User.18,1,2016-10-11 00:00:00,W_KCSArticle.230,FALSE,W_Case.897
W_CaseArticle.105,W_Services_User.16,1,2016-07-17 00:00:00,W_KCSArticle.510,FALSE,W_Case.6838
W_CaseArticle.106,W_Services_User.1,1,2016-07-12 00:00:00,W_KCSArticle.491,TRUE,W_Case.5775
W_CaseArticle.107,W_Services_User.3,1,2016-11-20 00:00:00,W_KCSArticle.30,FALSE,W_Case.3931
W_CaseArticle.108,W_Services_User.20,1,2017-01-27 00:00:00,W_KCSArticle.293,TRUE,W_Case.1099
W_CaseArticle.109,W_Services_User.8,1,2016-04-27 00:00:00,W_KCSArticle.294,FALSE,W_Case.4579
W_CaseArticle.110,W_Services_User.5,1,2017-01-27 00:00:00,W_KCSArticle.859,TRUE,W_Case.2665
W_CaseArticle.111,W_Services_User.18,1,2016-07-25 00:00:00,W_KCSArticle.536,TRUE,W_Case.4859
W_CaseArticle.112,W_Services_User.2,1,2017-01-03 00:00:00,W_KCSArticle.55,TRUE,W_Case.1220
W_CaseArticle.113,W_Services_User.11,1,2016-08-31 00:00:00,W_KCSArticle.451,TRUE,W_Case.1297
W_CaseArticle.114,W_Services_User.16,1,2016-12-13 00:00:00,W_KCSArticle.243,TRUE,W_Case.2338
W_CaseArticle.115,W_Services_User.13,1,2016-06-16 00:00:00,W_KCSArticle.621,FALSE,W_Case.3611
W_CaseArticle.116,W_Services_User.18,1,2017-03-13 00:00:00,W_KCSArticle.637,FALSE,W_Case.3354
W_CaseArticle.117,W_Services_User.14,1,2017-01-17 00:00:00,W_KCSArticle.242,FALSE,W_Case.6231
W_CaseArticle.118,W_Services_User.3,1,2017-03-18 00:00:00,W_KCSArticle.338,TRUE,W_Case.2289
W_CaseArticle.119,W_Services_User.14,1,2016-12-15 00:00:00,W_KCSArticle.370,TRUE,W_Case.1529
W_CaseArticle.120,W_Services_User.5,1,2016-05-09 00:00:00,W_KCSArticle.439,TRUE,W_Case.7121
W_CaseArticle.121,W_Services_User.10,1,2016-06-20 00:00:00,W_KCSArticle.977,FALSE,W_Case.6231
W_CaseArticle.122,W_Services_User.4,1,2016-12-30 00:00:00,W_KCSArticle.148,FALSE,W_Case.6921
W_CaseArticle.123,W_Services_User.10,1,2016-08-05 00:00:00,W_KCSArticle.752,FALSE,W_Case.3217
W_CaseArticle.124,W_Services_User.15,1,2017-03-25 00:00:00,W_KCSArticle.914,FALSE,W_Case.5507
W_CaseArticle.125,W_Services_User.11,1,2017-04-03 00:00:00,W_KCSArticle.23,FALSE,W_Case.6729
W_CaseArticle.126,W_Services_User.14,1,2017-03-11 00:00:00,W_KCSArticle.887,FALSE,W_Case.4881
W_CaseArticle.127,W_Services_User.13,1,2017-04-02 00:00:00,W_KCSArticle.576,TRUE,W_Case.5371
W_CaseArticle.128,W_Services_User.11,1,2016-09-06 00:00:00,W_KCSArticle.844,FALSE,W_Case.5847
W_CaseArticle.129,W_Services_User.11,1,2017-03-31 00:00:00,W_KCSArticle.287,TRUE,W_Case.5642
W_CaseArticle.130,W_Services_User.5,1,2016-10-19 00:00:00,W_KCSArticle.414,TRUE,W_Case.6628
W_CaseArticle.131,W_Services_User.2,1,2017-04-08 00:00:00,W_KCSArticle.589,FALSE,W_Case.6611
W_CaseArticle.132,W_Services_User.11,1,2016-09-25 00:00:00,W_KCSArticle.675,FALSE,W_Case.329
W_CaseArticle.133,W_Services_User.7,1,2016-08-23 00:00:00,W_KCSArticle.953,TRUE,W_Case.3091
W_CaseArticle.134,W_Services_User.4,1,2016-11-05 00:00:00,W_KCSArticle.425,FALSE,W_Case.3304
W_CaseArticle.135,W_Services_User.19,1,2017-04-07 00:00:00,W_KCSArticle.995,TRUE,W_Case.6502
W_CaseArticle.136,W_Services_User.15,1,2016-07-26 00:00:00,W_KCSArticle.547,FALSE,W_Case.925
W_CaseArticle.137,W_Services_User.3,1,2016-08-08 00:00:00,W_KCSArticle.894,FALSE,W_Case.477
W_CaseArticle.138,W_Services_User.18,1,2016-09-24 00:00:00,W_KCSArticle.92,TRUE,W_Case.1801
W_CaseArticle.139,W_Services_User.11,1,2016-08-27 00:00:00,W_KCSArticle.445,TRUE,W_Case.6789
W_CaseArticle.140,W_Services_User.15,1,2016-06-24 00:00:00,W_KCSArticle.557,TRUE,W_Case.1516
W_CaseArticle.141,W_Services_User.18,1,2016-10-07 00:00:00,W_KCSArticle.825,FALSE,W_Case.946
W_CaseArticle.142,W_Services_User.8,1,2016-05-26 00:00:00,W_KCSArticle.584,TRUE,W_Case.6758
W_CaseArticle.143,W_Services_User.7,1,2016-12-09 00:00:00,W_KCSArticle.436,FALSE,W_Case.6772
W_CaseArticle.144,W_Services_User.16,1,2016-06-27 00:00:00,W_KCSArticle.393,FALSE,W_Case.7220
W_CaseArticle.145,W_Services_User.7,1,2016-06-14 00:00:00,W_KCSArticle.308,FALSE,W_Case.4175
W_CaseArticle.146,W_Services_User.8,1,2017-01-19 00:00:00,W_KCSArticle.201,FALSE,W_Case.2309
W_CaseArticle.147,W_Services_User.17,1,2016-06-11 00:00:00,W_KCSArticle.823,FALSE,W_Case.742
W_CaseArticle.148,W_Services_User.8,1,2016-08-02 00:00:00,W_KCSArticle.484,TRUE,W_Case.856
W_CaseArticle.149,W_Services_User.8,1,2016-09-23 00:00:00,W_KCSArticle.981,TRUE,W_Case.4746
W_CaseArticle.150,W_Services_User.2,1,2017-03-14 00:00:00,W_KCSArticle.198,FALSE,W_Case.1796
W_CaseArticle.151,W_Services_User.2,1,2017-03-11 00:00:00,W_KCSArticle.603,FALSE,W_Case.5486
W_CaseArticle.152,W_Services_User.10,1,2016-08-13 00:00:00,W_KCSArticle.32,TRUE,W_Case.1072
W_CaseArticle.153,W_Services_User.2,1,2016-10-20 00:00:00,W_KCSArticle.181,FALSE,W_Case.759
W_CaseArticle.154,W_Services_User.10,1,2016-10-27 00:00:00,W_KCSArticle.849,FALSE,W_Case.2805
W_CaseArticle.155,W_Services_User.4,1,2016-08-31 00:00:00,W_KCSArticle.659,TRUE,W_Case.1375
W_CaseArticle.156,W_Services_User.9,1,2016-06-12 00:00:00,W_KCSArticle.791,FALSE,W_Case.6037
W_CaseArticle.157,W_Services_User.8,1,2016-05-09 00:00:00,W_KCSArticle.581,TRUE,W_Case.9
W_CaseArticle.158,W_Services_User.4,1,2016-04-19 00:00:00,W_KCSArticle.601,FALSE,W_Case.1604
W_CaseArticle.159,W_Services_User.6,1,2016-04-19 00:00:00,W_KCSArticle.282,TRUE,W_Case.6947
W_CaseArticle.160,W_Services_User.3,1,2016-12-06 00:00:00,W_KCSArticle.519,FALSE,W_Case.3249
W_CaseArticle.161,W_Services_User.20,1,2016-07-16 00:00:00,W_KCSArticle.270,TRUE,W_Case.1758
W_CaseArticle.162,W_Services_User.15,1,2016-06-16 00:00:00,W_KCSArticle.490,FALSE,W_Case.4812
W_CaseArticle.163,W_Services_User.20,1,2016-10-26 00:00:00,W_KCSArticle.231,FALSE,W_Case.722
W_CaseArticle.164,W_Services_User.15,1,2016-11-21 00:00:00,W_KCSArticle.100,FALSE,W_Case.6510
W_CaseArticle.165,W_Services_User.9,1,2016-11-01 00:00:00,W_KCSArticle.407,TRUE,W_Case.892
W_CaseArticle.166,W_Services_User.18,1,2016-07-27 00:00:00,W_KCSArticle.583,FALSE,W_Case.2305
W_CaseArticle.167,W_Services_User.8,1,2016-10-10 00:00:00,W_KCSArticle.708,FALSE,W_Case.5310
W_CaseArticle.168,W_Services_User.6,1,2016-12-21 00:00:00,W_KCSArticle.447,TRUE,W_Case.6699
W_CaseArticle.169,W_Services_User.11,1,2016-10-29 00:00:00,W_KCSArticle.634,TRUE,W_Case.3186
W_CaseArticle.170,W_Services_User.14,1,2016-11-18 00:00:00,W_KCSArticle.381,FALSE,W_Case.2377
W_CaseArticle.171,W_Services_User.3,1,2016-12-15 00:00:00,W_KCSArticle.882,TRUE,W_Case.6891
W_CaseArticle.172,W_Services_User.3,1,2017-03-31 00:00:00,W_KCSArticle.640,TRUE,W_Case.5923
W_CaseArticle.173,W_Services_User.6,1,2016-11-18 00:00:00,W_KCSArticle.106,TRUE,W_Case.4169
W_CaseArticle.174,W_Services_User.11,1,2016-06-11 00:00:00,W_KCSArticle.638,FALSE,W_Case.160
W_CaseArticle.175,W_Services_User.7,1,2016-06-10 00:00:00,W_KCSArticle.25,TRUE,W_Case.605
W_CaseArticle.176,W_Services_User.1,1,2017-03-15 00:00:00,W_KCSArticle.250,FALSE,W_Case.683
W_CaseArticle.177,W_Services_User.5,1,2017-01-19 00:00:00,W_KCSArticle.554,TRUE,W_Case.6454
W_CaseArticle.178,W_Services_User.11,1,2016-07-14 00:00:00,W_KCSArticle.739,TRUE,W_Case.281
W_CaseArticle.179,W_Services_User.15,1,2017-01-05 00:00:00,W_KCSArticle.456,TRUE,W_Case.1693
W_CaseArticle.180,W_Services_User.18,1,2017-04-11 00:00:00,W_KCSArticle.739,FALSE,W_Case.725
W_CaseArticle.181,W_Services_User.14,1,2016-07-16 00:00:00,W_KCSArticle.150,TRUE,W_Case.1314
W_CaseArticle.182,W_Services_User.13,1,2016-10-24 00:00:00,W_KCSArticle.571,FALSE,W_Case.3773
W_CaseArticle.183,W_Services_User.7,1,2017-03-22 00:00:00,W_KCSArticle.480,TRUE,W_Case.4966
W_CaseArticle.184,W_Services_User.8,1,2016-07-26 00:00:00,W_KCSArticle.665,FALSE,W_Case.2588
W_CaseArticle.185,W_Services_User.10,1,2017-02-15 00:00:00,W_KCSArticle.897,TRUE,W_Case.6904
W_CaseArticle.186,W_Services_User.8,1,2016-06-05 00:00:00,W_KCSArticle.754,FALSE,W_Case.2534
W_CaseArticle.187,W_Services_User.15,1,2016-06-17 00:00:00,W_KCSArticle.853,FALSE,W_Case.430
W_CaseArticle.188,W_Services_User.1,1,2016-10-28 00:00:00,W_KCSArticle.174,FALSE,W_Case.4782
W_CaseArticle.189,W_Services_User.16,1,2016-11-18 00:00:00,W_KCSArticle.428,TRUE,W_Case.5463
W_CaseArticle.190,W_Services_User.9,1,2016-10-19 00:00:00,W_KCSArticle.75,FALSE,W_Case.4230
W_CaseArticle.191,W_Services_User.8,1,2016-05-25 00:00:00,W_KCSArticle.503,TRUE,W_Case.5082
W_CaseArticle.192,W_Services_User.2,1,2016-07-05 00:00:00,W_KCSArticle.682,TRUE,W_Case.5362
W_CaseArticle.193,W_Services_User.10,1,2016-05-19 00:00:00,W_KCSArticle.388,TRUE,W_Case.3429
W_CaseArticle.194,W_Services_User.17,1,2016-11-19 00:00:00,W_KCSArticle.657,TRUE,W_Case.1354
W_CaseArticle.195,W_Services_User.12,1,2016-04-15 00:00:00,W_KCSArticle.392,FALSE,W_Case.3464
W_CaseArticle.196,W_Services_User.5,1,2016-09-21 00:00:00,W_KCSArticle.969,FALSE,W_Case.451
W_CaseArticle.197,W_Services_User.13,1,2017-01-20 00:00:00,W_KCSArticle.138,TRUE,W_Case.4545
W_CaseArticle.198,W_Services_User.7,1,2016-10-10 00:00:00,W_KCSArticle.78,TRUE,W_Case.4519
W_CaseArticle.199,W_Services_User.14,1,2017-03-24 00:00:00,W_KCSArticle.467,TRUE,W_Case.1222
W_CaseArticle.200,W_Services_User.14,1,2017-02-18 00:00:00,W_KCSArticle.311,TRUE,W_Case.5640
W_CaseArticle.201,W_Services_User.8,1,2016-10-24 00:00:00,W_KCSArticle.437,TRUE,W_Case.1463
W_CaseArticle.202,W_Services_User.9,1,2016-08-19 00:00:00,W_KCSArticle.477,FALSE,W_Case.5007
W_CaseArticle.203,W_Services_User.5,1,2016-04-23 00:00:00,W_KCSArticle.574,FALSE,W_Case.5797
W_CaseArticle.204,W_Services_User.7,1,2016-05-15 00:00:00,W_KCSArticle.322,FALSE,W_Case.2019
W_CaseArticle.205,W_Services_User.13,1,2016-07-30 00:00:00,W_KCSArticle.683,TRUE,W_Case.3230
W_CaseArticle.206,W_Services_User.5,1,2016-08-16 00:00:00,W_KCSArticle.675,TRUE,W_Case.253
W_CaseArticle.207,W_Services_User.2,1,2017-01-18 00:00:00,W_KCSArticle.766,TRUE,W_Case.6369
W_CaseArticle.208,W_Services_User.8,1,2016-07-18 00:00:00,W_KCSArticle.215,TRUE,W_Case.3728
W_CaseArticle.209,W_Services_User.19,1,2016-08-18 00:00:00,W_KCSArticle.718,FALSE,W_Case.525
W_CaseArticle.210,W_Services_User.1,1,2016-12-05 00:00:00,W_KCSArticle.49,TRUE,W_Case.607
W_CaseArticle.211,W_Services_User.17,1,2017-01-15 00:00:00,W_KCSArticle.736,FALSE,W_Case.5868
W_CaseArticle.212,W_Services_User.14,1,2016-09-22 00:00:00,W_KCSArticle.175,FALSE,W_Case.5601
W_CaseArticle.213,W_Services_User.16,1,2016-04-12 00:00:00,W_KCSArticle.334,FALSE,W_Case.4626
W_CaseArticle.214,W_Services_User.11,1,2017-02-25 00:00:00,W_KCSArticle.712,FALSE,W_Case.3794
W_CaseArticle.215,W_Services_User.20,1,2016-05-18 00:00:00,W_KCSArticle.923,TRUE,W_Case.7004
W_CaseArticle.216,W_Services_User.14,1,2017-01-20 00:00:00,W_KCSArticle.5,FALSE,W_Case.7361
W_CaseArticle.217,W_Services_User.8,1,2016-10-02 00:00:00,W_KCSArticle.301,TRUE,W_Case.4596
W_CaseArticle.218,W_Services_User.19,1,2016-11-05 00:00:00,W_KCSArticle.636,FALSE,W_Case.6258
W_CaseArticle.219,W_Services_User.8,1,2016-10-07 00:00:00,W_KCSArticle.734,FALSE,W_Case.4535
W_CaseArticle.220,W_Services_User.1,1,2017-01-04 00:00:00,W_KCSArticle.440,TRUE,W_Case.5917
W_CaseArticle.221,W_Services_User.16,1,2017-02-26 00:00:00,W_KCSArticle.938,FALSE,W_Case.5170
W_CaseArticle.222,W_Services_User.20,1,2017-03-07 00:00:00,W_KCSArticle.38,FALSE,W_Case.5653
W_CaseArticle.223,W_Services_User.19,1,2016-12-12 00:00:00,W_KCSArticle.440,TRUE,W_Case.5219
W_CaseArticle.224,W_Services_User.16,1,2016-10-03 00:00:00,W_KCSArticle.988,FALSE,W_Case.7429
W_CaseArticle.225,W_Services_User.18,1,2016-06-17 00:00:00,W_KCSArticle.270,FALSE,W_Case.5276
W_CaseArticle.226,W_Services_User.1,1,2016-09-12 00:00:00,W_KCSArticle.256,FALSE,W_Case.6968
W_CaseArticle.227,W_Services_User.18,1,2016-10-06 00:00:00,W_KCSArticle.705,TRUE,W_Case.4082
W_CaseArticle.228,W_Services_User.5,1,2016-07-02 00:00:00,W_KCSArticle.525,TRUE,W_Case.6650
W_CaseArticle.229,W_Services_User.10,1,2017-04-10 00:00:00,W_KCSArticle.872,FALSE,W_Case.1993
W_CaseArticle.230,W_Services_User.7,1,2017-03-17 00:00:00,W_KCSArticle.699,TRUE,W_Case.454
W_CaseArticle.231,W_Services_User.11,1,2016-09-19 00:00:00,W_KCSArticle.304,FALSE,W_Case.4083
W_CaseArticle.232,W_Services_User.12,1,2017-02-16 00:00:00,W_KCSArticle.851,FALSE,W_Case.4802
W_CaseArticle.233,W_Services_User.6,1,2017-03-10 00:00:00,W_KCSArticle.412,TRUE,W_Case.1062
W_CaseArticle.234,W_Services_User.7,1,2016-04-24 00:00:00,W_KCSArticle.361,TRUE,W_Case.4629
W_CaseArticle.235,W_Services_User.8,1,2017-03-09 00:00:00,W_KCSArticle.567,FALSE,W_Case.1224
W_CaseArticle.236,W_Services_User.8,1,2016-09-13 00:00:00,W_KCSArticle.651,TRUE,W_Case.3014
W_CaseArticle.237,W_Services_User.5,1,2016-05-11 00:00:00,W_KCSArticle.636,TRUE,W_Case.3607
W_CaseArticle.238,W_Services_User.12,1,2016-09-20 00:00:00,W_KCSArticle.920,TRUE,W_Case.569
W_CaseArticle.239,W_Services_User.19,1,2016-12-10 00:00:00,W_KCSArticle.426,TRUE,W_Case.1469
W_CaseArticle.240,W_Services_User.16,1,2016-11-25 00:00:00,W_KCSArticle.747,TRUE,W_Case.1839
W_CaseArticle.241,W_Services_User.5,1,2016-11-18 00:00:00,W_KCSArticle.654,TRUE,W_Case.2700
W_CaseArticle.242,W_Services_User.18,1,2016-10-16 00:00:00,W_KCSArticle.692,TRUE,W_Case.4631
W_CaseArticle.243,W_Services_User.20,1,2016-10-30 00:00:00,W_KCSArticle.407,FALSE,W_Case.2597
W_CaseArticle.244,W_Services_User.10,1,2016-07-08 00:00:00,W_KCSArticle.161,TRUE,W_Case.5237
W_CaseArticle.245,W_Services_User.9,1,2017-03-30 00:00:00,W_KCSArticle.939,FALSE,W_Case.3749
W_CaseArticle.246,W_Services_User.1,1,2017-01-09 00:00:00,W_KCSArticle.874,TRUE,W_Case.4222
W_CaseArticle.247,W_Services_User.10,1,2017-02-04 00:00:00,W_KCSArticle.237,TRUE,W_Case.3473
W_CaseArticle.248,W_Services_User.2,1,2017-01-22 00:00:00,W_KCSArticle.24,FALSE,W_Case.4388
W_CaseArticle.249,W_Services_User.11,1,2017-02-10 00:00:00,W_KCSArticle.766,TRUE,W_Case.1428
W_CaseArticle.250,W_Services_User.11,1,2017-03-05 00:00:00,W_KCSArticle.600,FALSE,W_Case.3454
W_CaseArticle.251,W_Services_User.2,1,2016-06-28 00:00:00,W_KCSArticle.580,TRUE,W_Case.302
W_CaseArticle.252,W_Services_User.10,1,2016-05-24 00:00:00,W_KCSArticle.126,TRUE,W_Case.2966
W_CaseArticle.253,W_Services_User.8,1,2016-10-10 00:00:00,W_KCSArticle.97,FALSE,W_Case.3134
W_CaseArticle.254,W_Services_User.11,1,2017-02-23 00:00:00,W_KCSArticle.256,FALSE,W_Case.3943
W_CaseArticle.255,W_Services_User.11,1,2016-07-30 00:00:00,W_KCSArticle.793,FALSE,W_Case.6398
W_CaseArticle.256,W_Services_User.8,1,2016-06-09 00:00:00,W_KCSArticle.218,FALSE,W_Case.805
W_CaseArticle.257,W_Services_User.6,1,2016-10-26 00:00:00,W_KCSArticle.546,TRUE,W_Case.3547
W_CaseArticle.258,W_Services_User.15,1,2017-04-11 00:00:00,W_KCSArticle.679,FALSE,W_Case.614
W_CaseArticle.259,W_Services_User.15,1,2016-05-23 00:00:00,W_KCSArticle.78,FALSE,W_Case.4218
W_CaseArticle.260,W_Services_User.2,1,2016-08-08 00:00:00,W_KCSArticle.809,TRUE,W_Case.4110
W_CaseArticle.261,W_Services_User.20,1,2017-04-06 00:00:00,W_KCSArticle.990,FALSE,W_Case.5725
W_CaseArticle.262,W_Services_User.4,1,2016-10-22 00:00:00,W_KCSArticle.549,FALSE,W_Case.3361
W_CaseArticle.263,W_Services_User.15,1,2017-01-14 00:00:00,W_KCSArticle.898,FALSE,W_Case.873
W_CaseArticle.264,W_Services_User.11,1,2016-08-16 00:00:00,W_KCSArticle.87,FALSE,W_Case.821
W_CaseArticle.265,W_Services_User.16,1,2016-11-22 00:00:00,W_KCSArticle.463,TRUE,W_Case.137
W_CaseArticle.266,W_Services_User.2,1,2016-12-26 00:00:00,W_KCSArticle.336,FALSE,W_Case.2731
W_CaseArticle.267,W_Services_User.7,1,2016-12-20 00:00:00,W_KCSArticle.205,TRUE,W_Case.6762
W_CaseArticle.268,W_Services_User.11,1,2016-09-21 00:00:00,W_KCSArticle.368,TRUE,W_Case.3781
W_CaseArticle.269,W_Services_User.12,1,2017-02-22 00:00:00,W_KCSArticle.329,TRUE,W_Case.7056
W_CaseArticle.270,W_Services_User.7,1,2016-12-13 00:00:00,W_KCSArticle.229,TRUE,W_Case.3153
W_CaseArticle.271,W_Services_User.20,1,2016-04-28 00:00:00,W_KCSArticle.378,FALSE,W_Case.4995
W_CaseArticle.272,W_Services_User.8,1,2016-12-01 00:00:00,W_KCSArticle.46,FALSE,W_Case.4711
W_CaseArticle.273,W_Services_User.15,1,2017-03-13 00:00:00,W_KCSArticle.379,FALSE,W_Case.1428
W_CaseArticle.274,W_Services_User.18,1,2017-04-07 00:00:00,W_KCSArticle.631,TRUE,W_Case.2963
W_CaseArticle.275,W_Services_User.15,1,2017-02-07 00:00:00,W_KCSArticle.738,TRUE,W_Case.5309
W_CaseArticle.276,W_Services_User.4,1,2016-08-31 00:00:00,W_KCSArticle.547,TRUE,W_Case.3108
W_CaseArticle.277,W_Services_User.13,1,2016-12-21 00:00:00,W_KCSArticle.329,TRUE,W_Case.1844
W_CaseArticle.278,W_Services_User.1,1,2016-05-31 00:00:00,W_KCSArticle.18,TRUE,W_Case.7120
W_CaseArticle.279,W_Services_User.20,1,2017-02-16 00:00:00,W_KCSArticle.80,FALSE,W_Case.3768
W_CaseArticle.280,W_Services_User.2,1,2016-09-26 00:00:00,W_KCSArticle.108,FALSE,W_Case.3142
W_CaseArticle.281,W_Services_User.12,1,2017-02-11 00:00:00,W_KCSArticle.745,TRUE,W_Case.1933
W_CaseArticle.282,W_Services_User.5,1,2016-08-03 00:00:00,W_KCSArticle.3,FALSE,W_Case.4089
W_CaseArticle.283,W_Services_User.12,1,2017-02-03 00:00:00,W_KCSArticle.970,TRUE,W_Case.5491
W_CaseArticle.284,W_Services_User.3,1,2016-12-24 00:00:00,W_KCSArticle.121,FALSE,W_Case.2843
W_CaseArticle.285,W_Services_User.6,1,2016-05-27 00:00:00,W_KCSArticle.198,FALSE,W_Case.6365
W_CaseArticle.286,W_Services_User.12,1,2017-03-19 00:00:00,W_KCSArticle.704,FALSE,W_Case.2977
W_CaseArticle.287,W_Services_User.4,1,2016-07-16 00:00:00,W_KCSArticle.114,TRUE,W_Case.2699
W_CaseArticle.288,W_Services_User.19,1,2016-05-25 00:00:00,W_KCSArticle.298,FALSE,W_Case.4647
W_CaseArticle.289,W_Services_User.9,1,2016-12-10 00:00:00,W_KCSArticle.181,TRUE,W_Case.4389
W_CaseArticle.290,W_Services_User.15,1,2017-01-03 00:00:00,W_KCSArticle.353,FALSE,W_Case.5706
W_CaseArticle.291,W_Services_User.16,1,2016-12-22 00:00:00,W_KCSArticle.601,FALSE,W_Case.5888
W_CaseArticle.292,W_Services_User.19,1,2016-05-22 00:00:00,W_KCSArticle.810,TRUE,W_Case.3199
W_CaseArticle.293,W_Services_User.4,1,2016-05-23 00:00:00,W_KCSArticle.745,TRUE,W_Case.20
W_CaseArticle.294,W_Services_User.5,1,2017-03-21 00:00:00,W_KCSArticle.708,TRUE,W_Case.4646
W_CaseArticle.295,W_Services_User.7,1,2017-01-01 00:00:00,W_KCSArticle.803,FALSE,W_Case.709
W_CaseArticle.296,W_Services_User.4,1,2016-09-09 00:00:00,W_KCSArticle.438,FALSE,W_Case.6659
W_CaseArticle.297,W_Services_User.7,1,2016-12-24 00:00:00,W_KCSArticle.754,TRUE,W_Case.5310
W_CaseArticle.298,W_Services_User.19,1,2016-06-12 00:00:00,W_KCSArticle.49,TRUE,W_Case.6427
W_CaseArticle.299,W_Services_User.17,1,2017-04-06 00:00:00,W_KCSArticle.585,FALSE,W_Case.4846
W_CaseArticle.300,W_Services_User.3,1,2016-10-10 00:00:00,W_KCSArticle.305,FALSE,W_Case.3484
W_CaseArticle.301,W_Services_User.13,1,2016-08-23 00:00:00,W_KCSArticle.821,FALSE,W_Case.2706
W_CaseArticle.302,W_Services_User.18,1,2017-03-07 00:00:00,W_KCSArticle.940,FALSE,W_Case.5741
W_CaseArticle.303,W_Services_User.20,1,2016-12-25 00:00:00,W_KCSArticle.925,FALSE,W_Case.2179
W_CaseArticle.304,W_Services_User.12,1,2016-07-26 00:00:00,W_KCSArticle.258,FALSE,W_Case.1320
W_CaseArticle.305,W_Services_User.3,1,2016-10-10 00:00:00,W_KCSArticle.553,TRUE,W_Case.2863
W_CaseArticle.306,W_Services_User.1,1,2016-12-17 00:00:00,W_KCSArticle.637,FALSE,W_Case.5772
W_CaseArticle.307,W_Services_User.16,1,2016-07-04 00:00:00,W_KCSArticle.336,TRUE,W_Case.4192
W_CaseArticle.308,W_Services_User.2,1,2017-02-05 00:00:00,W_KCSArticle.450,TRUE,W_Case.2640
W_CaseArticle.309,W_Services_User.17,1,2016-04-17 00:00:00,W_KCSArticle.157,TRUE,W_Case.5542
W_CaseArticle.310,W_Services_User.14,1,2016-07-29 00:00:00,W_KCSArticle.562,FALSE,W_Case.4889
W_CaseArticle.311,W_Services_User.18,1,2016-10-09 00:00:00,W_KCSArticle.338,FALSE,W_Case.5777
W_CaseArticle.312,W_Services_User.11,1,2016-05-12 00:00:00,W_KCSArticle.337,FALSE,W_Case.5804
W_CaseArticle.313,W_Services_User.18,1,2016-09-08 00:00:00,W_KCSArticle.811,TRUE,W_Case.853
W_CaseArticle.314,W_Services_User.12,1,2016-12-20 00:00:00,W_KCSArticle.405,TRUE,W_Case.4208
W_CaseArticle.315,W_Services_User.5,1,2017-01-25 00:00:00,W_KCSArticle.549,TRUE,W_Case.5197
W_CaseArticle.316,W_Services_User.6,1,2016-06-08 00:00:00,W_KCSArticle.568,FALSE,W_Case.2114
W_CaseArticle.317,W_Services_User.2,1,2016-08-27 00:00:00,W_KCSArticle.161,TRUE,W_Case.6337
W_CaseArticle.318,W_Services_User.1,1,2016-10-01 00:00:00,W_KCSArticle.45,TRUE,W_Case.5309
W_CaseArticle.319,W_Services_User.3,1,2016-11-01 00:00:00,W_KCSArticle.949,TRUE,W_Case.5848
W_CaseArticle.320,W_Services_User.17,1,2016-06-18 00:00:00,W_KCSArticle.525,TRUE,W_Case.526
W_CaseArticle.321,W_Services_User.5,1,2017-03-18 00:00:00,W_KCSArticle.816,FALSE,W_Case.1983
W_CaseArticle.322,W_Services_User.2,1,2016-06-23 00:00:00,W_KCSArticle.63,FALSE,W_Case.6870
W_CaseArticle.323,W_Services_User.20,1,2016-06-23 00:00:00,W_KCSArticle.95,FALSE,W_Case.6042
W_CaseArticle.324,W_Services_User.19,1,2017-01-11 00:00:00,W_KCSArticle.856,TRUE,W_Case.1722
W_CaseArticle.325,W_Services_User.6,1,2016-07-05 00:00:00,W_KCSArticle.464,FALSE,W_Case.5784
W_CaseArticle.326,W_Services_User.13,1,2016-10-20 00:00:00,W_KCSArticle.484,TRUE,W_Case.5854
W_CaseArticle.327,W_Services_User.14,1,2016-07-28 00:00:00,W_KCSArticle.649,TRUE,W_Case.3372
W_CaseArticle.328,W_Services_User.6,1,2017-02-22 00:00:00,W_KCSArticle.125,TRUE,W_Case.5856
W_CaseArticle.329,W_Services_User.19,1,2016-11-11 00:00:00,W_KCSArticle.943,TRUE,W_Case.2548
W_CaseArticle.330,W_Services_User.17,1,2016-05-31 00:00:00,W_KCSArticle.444,FALSE,W_Case.3821
W_CaseArticle.331,W_Services_User.10,1,2017-01-01 00:00:00,W_KCSArticle.244,TRUE,W_Case.6182
W_CaseArticle.332,W_Services_User.5,1,2016-09-18 00:00:00,W_KCSArticle.429,TRUE,W_Case.2755
W_CaseArticle.333,W_Services_User.12,1,2016-10-23 00:00:00,W_KCSArticle.733,TRUE,W_Case.2707
W_CaseArticle.334,W_Services_User.10,1,2016-09-27 00:00:00,W_KCSArticle.825,TRUE,W_Case.4882
W_CaseArticle.335,W_Services_User.6,1,2017-01-31 00:00:00,W_KCSArticle.651,TRUE,W_Case.3101
W_CaseArticle.336,W_Services_User.1,1,2016-08-30 00:00:00,W_KCSArticle.732,TRUE,W_Case.2032
W_CaseArticle.337,W_Services_User.8,1,2016-04-12 00:00:00,W_KCSArticle.277,FALSE,W_Case.6395
W_CaseArticle.338,W_Services_User.8,1,2017-01-30 00:00:00,W_KCSArticle.71,TRUE,W_Case.4120
W_CaseArticle.339,W_Services_User.16,1,2017-02-01 00:00:00,W_KCSArticle.824,TRUE,W_Case.4766
W_CaseArticle.340,W_Services_User.2,1,2016-05-02 00:00:00,W_KCSArticle.534,TRUE,W_Case.1496
W_CaseArticle.341,W_Services_User.7,1,2016-07-16 00:00:00,W_KCSArticle.83,FALSE,W_Case.1961
W_CaseArticle.342,W_Services_User.14,1,2016-10-16 00:00:00,W_KCSArticle.512,FALSE,W_Case.4228
W_CaseArticle.343,W_Services_User.9,1,2016-04-19 00:00:00,W_KCSArticle.345,FALSE,W_Case.547
W_CaseArticle.344,W_Services_User.19,1,2016-09-12 00:00:00,W_KCSArticle.141,FALSE,W_Case.4871
W_CaseArticle.345,W_Services_User.12,1,2016-12-31 00:00:00,W_KCSArticle.410,TRUE,W_Case.3454
W_CaseArticle.346,W_Services_User.11,1,2016-10-05 00:00:00,W_KCSArticle.835,TRUE,W_Case.6060
W_CaseArticle.347,W_Services_User.13,1,2016-06-20 00:00:00,W_KCSArticle.904,FALSE,W_Case.6357
W_CaseArticle.348,W_Services_User.11,1,2017-02-10 00:00:00,W_KCSArticle.975,FALSE,W_Case.6833
W_CaseArticle.349,W_Services_User.12,1,2017-03-20 00:00:00,W_KCSArticle.254,TRUE,W_Case.4072
W_CaseArticle.350,W_Services_User.9,1,2016-06-20 00:00:00,W_KCSArticle.911,FALSE,W_Case.7047
W_CaseArticle.351,W_Services_User.5,1,2017-03-22 00:00:00,W_KCSArticle.637,TRUE,W_Case.1706
W_CaseArticle.352,W_Services_User.13,1,2017-03-31 00:00:00,W_KCSArticle.831,FALSE,W_Case.5545
W_CaseArticle.353,W_Services_User.16,1,2016-11-18 00:00:00,W_KCSArticle.631,TRUE,W_Case.4977
W_CaseArticle.354,W_Services_User.2,1,2017-03-12 00:00:00,W_KCSArticle.767,TRUE,W_Case.1282
W_CaseArticle.355,W_Services_User.11,1,2016-07-21 00:00:00,W_KCSArticle.939,TRUE,W_Case.5543
W_CaseArticle.356,W_Services_User.6,1,2016-10-02 00:00:00,W_KCSArticle.894,FALSE,W_Case.4350
W_CaseArticle.357,W_Services_User.12,1,2016-08-09 00:00:00,W_KCSArticle.575,FALSE,W_Case.4479
W_CaseArticle.358,W_Services_User.20,1,2016-08-04 00:00:00,W_KCSArticle.804,TRUE,W_Case.6038
W_CaseArticle.359,W_Services_User.2,1,2016-08-28 00:00:00,W_KCSArticle.723,FALSE,W_Case.4692
W_CaseArticle.360,W_Services_User.5,1,2017-03-04 00:00:00,W_KCSArticle.968,FALSE,W_Case.7102
W_CaseArticle.361,W_Services_User.17,1,2016-08-31 00:00:00,W_KCSArticle.314,TRUE,W_Case.6901
W_CaseArticle.362,W_Services_User.4,1,2016-12-10 00:00:00,W_KCSArticle.106,TRUE,W_Case.5661
W_CaseArticle.363,W_Services_User.11,1,2016-09-03 00:00:00,W_KCSArticle.31,FALSE,W_Case.7034
W_CaseArticle.364,W_Services_User.1,1,2016-09-06 00:00:00,W_KCSArticle.746,TRUE,W_Case.1319
W_CaseArticle.365,W_Services_User.8,1,2017-04-10 00:00:00,W_KCSArticle.663,TRUE,W_Case.5848
W_CaseArticle.366,W_Services_User.14,1,2016-05-25 00:00:00,W_KCSArticle.996,TRUE,W_Case.4779
W_CaseArticle.367,W_Services_User.13,1,2016-11-17 00:00:00,W_KCSArticle.661,FALSE,W_Case.3008
W_CaseArticle.368,W_Services_User.3,1,2016-06-22 00:00:00,W_KCSArticle.443,TRUE,W_Case.5861
W_CaseArticle.369,W_Services_User.10,1,2016-09-23 00:00:00,W_KCSArticle.420,FALSE,W_Case.6345
W_CaseArticle.370,W_Services_User.11,1,2016-08-02 00:00:00,W_KCSArticle.720,FALSE,W_Case.2037
W_CaseArticle.371,W_Services_User.6,1,2016-09-22 00:00:00,W_KCSArticle.749,FALSE,W_Case.2885
W_CaseArticle.372,W_Services_User.18,1,2016-10-19 00:00:00,W_KCSArticle.151,FALSE,W_Case.3550
W_CaseArticle.373,W_Services_User.19,1,2016-10-20 00:00:00,W_KCSArticle.485,TRUE,W_Case.2839
W_CaseArticle.374,W_Services_User.18,1,2016-05-06 00:00:00,W_KCSArticle.131,TRUE,W_Case.1477
W_CaseArticle.375,W_Services_User.1,1,2016-11-03 00:00:00,W_KCSArticle.20,TRUE,W_Case.3340
W_CaseArticle.376,W_Services_User.10,1,2016-08-01 00:00:00,W_KCSArticle.714,FALSE,W_Case.1866
W_CaseArticle.377,W_Services_User.15,1,2017-02-17 00:00:00,W_KCSArticle.131,TRUE,W_Case.3000
W_CaseArticle.378,W_Services_User.16,1,2016-06-24 00:00:00,W_KCSArticle.430,FALSE,W_Case.4190
W_CaseArticle.379,W_Services_User.9,1,2016-05-20 00:00:00,W_KCSArticle.919,TRUE,W_Case.6350
W_CaseArticle.380,W_Services_User.17,1,2016-06-05 00:00:00,W_KCSArticle.738,FALSE,W_Case.2911
W_CaseArticle.381,W_Services_User.20,1,2016-05-22 00:00:00,W_KCSArticle.205,FALSE,W_Case.6161
W_CaseArticle.382,W_Services_User.20,1,2016-10-29 00:00:00,W_KCSArticle.992,FALSE,W_Case.2029
W_CaseArticle.383,W_Services_User.9,1,2016-12-05 00:00:00,W_KCSArticle.122,TRUE,W_Case.5364
W_CaseArticle.384,W_Services_User.2,1,2017-03-10 00:00:00,W_KCSArticle.654,FALSE,W_Case.1697
W_CaseArticle.385,W_Services_User.2,1,2016-08-24 00:00:00,W_KCSArticle.90,TRUE,W_Case.5031
W_CaseArticle.386,W_Services_User.14,1,2016-08-08 00:00:00,W_KCSArticle.325,FALSE,W_Case.79
W_CaseArticle.387,W_Services_User.12,1,2017-03-23 00:00:00,W_KCSArticle.726,FALSE,W_Case.824
W_CaseArticle.388,W_Services_User.5,1,2016-11-24 00:00:00,W_KCSArticle.650,TRUE,W_Case.1774
W_CaseArticle.389,W_Services_User.2,1,2017-01-26 00:00:00,W_KCSArticle.966,TRUE,W_Case.2229
W_CaseArticle.390,W_Services_User.6,1,2017-01-26 00:00:00,W_KCSArticle.286,FALSE,W_Case.4511
W_CaseArticle.391,W_Services_User.10,1,2016-12-29 00:00:00,W_KCSArticle.567,TRUE,W_Case.4243
W_CaseArticle.392,W_Services_User.12,1,2017-02-21 00:00:00,W_KCSArticle.495,FALSE,W_Case.1839
W_CaseArticle.393,W_Services_User.7,1,2017-03-13 00:00:00,W_KCSArticle.552,FALSE,W_Case.6074
W_CaseArticle.394,W_Services_User.7,1,2016-08-30 00:00:00,W_KCSArticle.126,FALSE,W_Case.5810
W_CaseArticle.395,W_Services_User.3,1,2016-06-05 00:00:00,W_KCSArticle.736,TRUE,W_Case.584
W_CaseArticle.396,W_Services_User.15,1,2016-10-25 00:00:00,W_KCSArticle.308,TRUE,W_Case.6962
W_CaseArticle.397,W_Services_User.20,1,2016-11-09 00:00:00,W_KCSArticle.929,TRUE,W_Case.5033
W_CaseArticle.398,W_Services_User.13,1,2016-09-16 00:00:00,W_KCSArticle.96,TRUE,W_Case.6301
W_CaseArticle.399,W_Services_User.12,1,2016-08-25 00:00:00,W_KCSArticle.374,FALSE,W_Case.1604
W_CaseArticle.400,W_Services_User.14,1,2016-05-05 00:00:00,W_KCSArticle.406,TRUE,W_Case.7072
W_CaseArticle.401,W_Services_User.7,1,2016-12-31 00:00:00,W_KCSArticle.460,TRUE,W_Case.2621
W_CaseArticle.402,W_Services_User.14,1,2016-10-01 00:00:00,W_KCSArticle.581,TRUE,W_Case.3345
W_CaseArticle.403,W_Services_User.7,1,2017-04-03 00:00:00,W_KCSArticle.539,FALSE,W_Case.4515
W_CaseArticle.404,W_Services_User.19,1,2017-03-15 00:00:00,W_KCSArticle.361,TRUE,W_Case.1213
W_CaseArticle.405,W_Services_User.14,1,2016-08-29 00:00:00,W_KCSArticle.411,TRUE,W_Case.3165
W_CaseArticle.406,W_Services_User.1,1,2017-03-11 00:00:00,W_KCSArticle.97,FALSE,W_Case.4157
W_CaseArticle.407,W_Services_User.12,1,2016-11-10 00:00:00,W_KCSArticle.187,FALSE,W_Case.2802
W_CaseArticle.408,W_Services_User.2,1,2016-12-04 00:00:00,W_KCSArticle.72,TRUE,W_Case.4096
W_CaseArticle.409,W_Services_User.2,1,2016-08-11 00:00:00,W_KCSArticle.919,TRUE,W_Case.2307
W_CaseArticle.410,W_Services_User.3,1,2016-09-16 00:00:00,W_KCSArticle.834,TRUE,W_Case.7114
W_CaseArticle.411,W_Services_User.14,1,2016-08-05 00:00:00,W_KCSArticle.260,TRUE,W_Case.4651
W_CaseArticle.412,W_Services_User.17,1,2016-09-02 00:00:00,W_KCSArticle.399,FALSE,W_Case.4606
W_CaseArticle.413,W_Services_User.17,1,2016-09-23 00:00:00,W_KCSArticle.782,TRUE,W_Case.525
W_CaseArticle.414,W_Services_User.3,1,2017-02-18 00:00:00,W_KCSArticle.107,FALSE,W_Case.2808
W_CaseArticle.415,W_Services_User.11,1,2016-07-26 00:00:00,W_KCSArticle.258,FALSE,W_Case.676
W_CaseArticle.416,W_Services_User.8,1,2016-05-18 00:00:00,W_KCSArticle.701,FALSE,W_Case.4696
W_CaseArticle.417,W_Services_User.17,1,2016-07-28 00:00:00,W_KCSArticle.793,FALSE,W_Case.5149
W_CaseArticle.418,W_Services_User.18,1,2017-02-01 00:00:00,W_KCSArticle.247,FALSE,W_Case.2369
W_CaseArticle.419,W_Services_User.5,1,2016-09-28 00:00:00,W_KCSArticle.998,FALSE,W_Case.4568
W_CaseArticle.420,W_Services_User.13,1,2016-08-04 00:00:00,W_KCSArticle.862,TRUE,W_Case.2432
W_CaseArticle.421,W_Services_User.20,1,2016-04-16 00:00:00,W_KCSArticle.640,FALSE,W_Case.152
W_CaseArticle.422,W_Services_User.6,1,2017-02-17 00:00:00,W_KCSArticle.495,TRUE,W_Case.4009
W_CaseArticle.423,W_Services_User.6,1,2016-11-12 00:00:00,W_KCSArticle.523,FALSE,W_Case.690
W_CaseArticle.424,W_Services_User.8,1,2016-06-09 00:00:00,W_KCSArticle.391,TRUE,W_Case.4743
W_CaseArticle.425,W_Services_User.8,1,2016-12-14 00:00:00,W_KCSArticle.278,TRUE,W_Case.4764
W_CaseArticle.426,W_Services_User.6,1,2016-11-11 00:00:00,W_KCSArticle.759,FALSE,W_Case.6798
W_CaseArticle.427,W_Services_User.13,1,2016-11-14 00:00:00,W_KCSArticle.238,FALSE,W_Case.3868
W_CaseArticle.428,W_Services_User.8,1,2016-07-26 00:00:00,W_KCSArticle.612,TRUE,W_Case.3191
W_CaseArticle.429,W_Services_User.18,1,2016-05-08 00:00:00,W_KCSArticle.120,FALSE,W_Case.3882
W_CaseArticle.430,W_Services_User.2,1,2016-12-14 00:00:00,W_KCSArticle.152,FALSE,W_Case.6270
W_CaseArticle.431,W_Services_User.17,1,2016-11-19 00:00:00,W_KCSArticle.761,TRUE,W_Case.2177
W_CaseArticle.432,W_Services_User.16,1,2016-08-15 00:00:00,W_KCSArticle.177,FALSE,W_Case.3028
W_CaseArticle.433,W_Services_User.10,1,2016-10-25 00:00:00,W_KCSArticle.223,TRUE,W_Case.6213
W_CaseArticle.434,W_Services_User.14,1,2016-07-05 00:00:00,W_KCSArticle.547,FALSE,W_Case.3445
W_CaseArticle.435,W_Services_User.1,1,2016-05-20 00:00:00,W_KCSArticle.255,TRUE,W_Case.3232
W_CaseArticle.436,W_Services_User.18,1,2017-03-19 00:00:00,W_KCSArticle.537,FALSE,W_Case.2062
W_CaseArticle.437,W_Services_User.15,1,2017-02-27 00:00:00,W_KCSArticle.292,FALSE,W_Case.5869
W_CaseArticle.438,W_Services_User.17,1,2016-05-14 00:00:00,W_KCSArticle.391,TRUE,W_Case.664
W_CaseArticle.439,W_Services_User.8,1,2017-02-21 00:00:00,W_KCSArticle.794,TRUE,W_Case.5737
W_CaseArticle.440,W_Services_User.17,1,2017-03-30 00:00:00,W_KCSArticle.251,FALSE,W_Case.5003
W_CaseArticle.441,W_Services_User.20,1,2017-02-16 00:00:00,W_KCSArticle.869,TRUE,W_Case.1080
W_CaseArticle.442,W_Services_User.7,1,2016-06-17 00:00:00,W_KCSArticle.357,TRUE,W_Case.5206
W_CaseArticle.443,W_Services_User.17,1,2016-05-14 00:00:00,W_KCSArticle.91,TRUE,W_Case.3908
W_CaseArticle.444,W_Services_User.20,1,2016-05-30 00:00:00,W_KCSArticle.97,FALSE,W_Case.7335
W_CaseArticle.445,W_Services_User.16,1,2017-01-16 00:00:00,W_KCSArticle.322,TRUE,W_Case.5619
W_CaseArticle.446,W_Services_User.3,1,2016-04-22 00:00:00,W_KCSArticle.63,FALSE,W_Case.639
W_CaseArticle.447,W_Services_User.17,1,2016-08-14 00:00:00,W_KCSArticle.375,FALSE,W_Case.7007
W_CaseArticle.448,W_Services_User.15,1,2017-02-26 00:00:00,W_KCSArticle.331,TRUE,W_Case.4384
W_CaseArticle.449,W_Services_User.18,1,2016-04-26 00:00:00,W_KCSArticle.17,FALSE,W_Case.2543
W_CaseArticle.450,W_Services_User.8,1,2016-11-28 00:00:00,W_KCSArticle.96,FALSE,W_Case.3540
W_CaseArticle.451,W_Services_User.3,1,2017-03-16 00:00:00,W_KCSArticle.949,TRUE,W_Case.4519
W_CaseArticle.452,W_Services_User.12,1,2016-12-01 00:00:00,W_KCSArticle.767,FALSE,W_Case.6190
W_CaseArticle.453,W_Services_User.10,1,2016-08-26 00:00:00,W_KCSArticle.131,FALSE,W_Case.3919
W_CaseArticle.454,W_Services_User.13,1,2016-06-03 00:00:00,W_KCSArticle.293,TRUE,W_Case.3494
W_CaseArticle.455,W_Services_User.8,1,2016-11-04 00:00:00,W_KCSArticle.963,TRUE,W_Case.5094
W_CaseArticle.456,W_Services_User.9,1,2016-12-24 00:00:00,W_KCSArticle.432,TRUE,W_Case.3491
W_CaseArticle.457,W_Services_User.17,1,2016-11-23 00:00:00,W_KCSArticle.300,FALSE,W_Case.3877
W_CaseArticle.458,W_Services_User.11,1,2016-09-26 00:00:00,W_KCSArticle.414,FALSE,W_Case.1408
W_CaseArticle.459,W_Services_User.11,1,2016-09-24 00:00:00,W_KCSArticle.964,FALSE,W_Case.6476
W_CaseArticle.460,W_Services_User.16,1,2017-02-15 00:00:00,W_KCSArticle.380,TRUE,W_Case.3616
W_CaseArticle.461,W_Services_User.11,1,2016-07-28 00:00:00,W_KCSArticle.115,TRUE,W_Case.2834
W_CaseArticle.462,W_Services_User.1,1,2016-08-14 00:00:00,W_KCSArticle.595,TRUE,W_Case.652
W_CaseArticle.463,W_Services_User.20,1,2016-05-02 00:00:00,W_KCSArticle.707,FALSE,W_Case.6536
W_CaseArticle.464,W_Services_User.7,1,2016-08-31 00:00:00,W_KCSArticle.731,FALSE,W_Case.1587
W_CaseArticle.465,W_Services_User.10,1,2017-03-09 00:00:00,W_KCSArticle.567,TRUE,W_Case.6033
W_CaseArticle.466,W_Services_User.8,1,2016-05-20 00:00:00,W_KCSArticle.192,TRUE,W_Case.3241
W_CaseArticle.467,W_Services_User.12,1,2016-08-09 00:00:00,W_KCSArticle.613,FALSE,W_Case.622
W_CaseArticle.468,W_Services_User.1,1,2016-05-11 00:00:00,W_KCSArticle.426,FALSE,W_Case.1413
W_CaseArticle.469,W_Services_User.12,1,2016-10-27 00:00:00,W_KCSArticle.971,FALSE,W_Case.3970
W_CaseArticle.470,W_Services_User.13,1,2016-07-20 00:00:00,W_KCSArticle.686,TRUE,W_Case.1138
W_CaseArticle.471,W_Services_User.14,1,2017-01-25 00:00:00,W_KCSArticle.795,TRUE,W_Case.5445
W_CaseArticle.472,W_Services_User.16,1,2016-09-12 00:00:00,W_KCSArticle.98,TRUE,W_Case.5918
W_CaseArticle.473,W_Services_User.11,1,2016-06-30 00:00:00,W_KCSArticle.716,FALSE,W_Case.3753
W_CaseArticle.474,W_Services_User.6,1,2016-08-23 00:00:00,W_KCSArticle.971,FALSE,W_Case.2435
W_CaseArticle.475,W_Services_User.10,1,2017-02-10 00:00:00,W_KCSArticle.899,FALSE,W_Case.6293
W_CaseArticle.476,W_Services_User.4,1,2017-02-25 00:00:00,W_KCSArticle.413,FALSE,W_Case.5452
W_CaseArticle.477,W_Services_User.19,1,2016-06-14 00:00:00,W_KCSArticle.262,TRUE,W_Case.3143
W_CaseArticle.478,W_Services_User.12,1,2016-05-08 00:00:00,W_KCSArticle.133,FALSE,W_Case.562
W_CaseArticle.479,W_Services_User.18,1,2017-02-26 00:00:00,W_KCSArticle.462,TRUE,W_Case.432
W_CaseArticle.480,W_Services_User.19,1,2016-04-26 00:00:00,W_KCSArticle.183,TRUE,W_Case.4158
W_CaseArticle.481,W_Services_User.4,1,2017-02-01 00:00:00,W_KCSArticle.110,TRUE,W_Case.2634
W_CaseArticle.482,W_Services_User.15,1,2016-11-13 00:00:00,W_KCSArticle.279,FALSE,W_Case.2142
W_CaseArticle.483,W_Services_User.14,1,2016-11-11 00:00:00,W_KCSArticle.819,FALSE,W_Case.6768
W_CaseArticle.484,W_Services_User.13,1,2016-07-12 00:00:00,W_KCSArticle.577,TRUE,W_Case.364
W_CaseArticle.485,W_Services_User.10,1,2016-11-13 00:00:00,W_KCSArticle.903,TRUE,W_Case.873
W_CaseArticle.486,W_Services_User.20,1,2016-04-14 00:00:00,W_KCSArticle.87,TRUE,W_Case.2740
W_CaseArticle.487,W_Services_User.6,1,2016-09-29 00:00:00,W_KCSArticle.944,FALSE,W_Case.5203
W_CaseArticle.488,W_Services_User.19,1,2016-07-16 00:00:00,W_KCSArticle.96,TRUE,W_Case.510
W_CaseArticle.489,W_Services_User.8,1,2016-06-24 00:00:00,W_KCSArticle.814,FALSE,W_Case.1227
W_CaseArticle.490,W_Services_User.7,1,2016-09-26 00:00:00,W_KCSArticle.871,FALSE,W_Case.6063
W_CaseArticle.491,W_Services_User.12,1,2016-12-12 00:00:00,W_KCSArticle.472,TRUE,W_Case.3129
W_CaseArticle.492,W_Services_User.2,1,2016-10-03 00:00:00,W_KCSArticle.421,TRUE,W_Case.1423
W_CaseArticle.493,W_Services_User.9,1,2017-03-28 00:00:00,W_KCSArticle.399,FALSE,W_Case.113
W_CaseArticle.494,W_Services_User.6,1,2017-01-03 00:00:00,W_KCSArticle.207,TRUE,W_Case.3767
W_CaseArticle.495,W_Services_User.15,1,2017-03-23 00:00:00,W_KCSArticle.9,FALSE,W_Case.115
W_CaseArticle.496,W_Services_User.17,1,2016-05-09 00:00:00,W_KCSArticle.734,TRUE,W_Case.1225
W_CaseArticle.497,W_Services_User.9,1,2016-07-01 00:00:00,W_KCSArticle.255,FALSE,W_Case.3696
W_CaseArticle.498,W_Services_User.5,1,2016-12-16 00:00:00,W_KCSArticle.308,FALSE,W_Case.5634
W_CaseArticle.499,W_Services_User.16,1,2016-08-19 00:00:00,W_KCSArticle.296,FALSE,W_Case.4539
W_CaseArticle.500,W_Services_User.15,1,2017-04-10 00:00:00,W_KCSArticle.120,FALSE,W_Case.2018
W_CaseArticle.501,W_Services_User.4,1,2017-03-22 00:00:00,W_KCSArticle.559,TRUE,W_Case.4197
W_CaseArticle.502,W_Services_User.20,1,2017-03-20 00:00:00,W_KCSArticle.286,TRUE,W_Case.4814
W_CaseArticle.503,W_Services_User.6,1,2016-08-26 00:00:00,W_KCSArticle.167,FALSE,W_Case.1943
W_CaseArticle.504,W_Services_User.10,1,2017-03-21 00:00:00,W_KCSArticle.126,TRUE,W_Case.5674
W_CaseArticle.505,W_Services_User.4,1,2016-10-10 00:00:00,W_KCSArticle.267,TRUE,W_Case.2348
W_CaseArticle.506,W_Services_User.8,1,2016-08-12 00:00:00,W_KCSArticle.988,TRUE,W_Case.2158
W_CaseArticle.507,W_Services_User.8,1,2016-10-07 00:00:00,W_KCSArticle.8,FALSE,W_Case.111
W_CaseArticle.508,W_Services_User.10,1,2017-02-23 00:00:00,W_KCSArticle.523,TRUE,W_Case.6499
W_CaseArticle.509,W_Services_User.11,1,2016-09-10 00:00:00,W_KCSArticle.442,FALSE,W_Case.3063
W_CaseArticle.510,W_Services_User.6,1,2016-12-31 00:00:00,W_KCSArticle.236,TRUE,W_Case.1008
W_CaseArticle.511,W_Services_User.5,1,2016-08-12 00:00:00,W_KCSArticle.69,TRUE,W_Case.6504
W_CaseArticle.512,W_Services_User.12,1,2016-10-06 00:00:00,W_KCSArticle.612,FALSE,W_Case.1486
W_CaseArticle.513,W_Services_User.2,1,2016-09-02 00:00:00,W_KCSArticle.475,FALSE,W_Case.5305
W_CaseArticle.514,W_Services_User.20,1,2016-04-15 00:00:00,W_KCSArticle.193,TRUE,W_Case.4829
W_CaseArticle.515,W_Services_User.3,1,2017-01-15 00:00:00,W_KCSArticle.79,TRUE,W_Case.3697
W_CaseArticle.516,W_Services_User.4,1,2017-03-27 00:00:00,W_KCSArticle.185,TRUE,W_Case.4752
W_CaseArticle.517,W_Services_User.8,1,2017-01-06 00:00:00,W_KCSArticle.959,FALSE,W_Case.2034
W_CaseArticle.518,W_Services_User.7,1,2016-10-15 00:00:00,W_KCSArticle.612,TRUE,W_Case.3500
W_CaseArticle.519,W_Services_User.6,1,2016-10-11 00:00:00,W_KCSArticle.306,FALSE,W_Case.6514
W_CaseArticle.520,W_Services_User.9,1,2016-12-23 00:00:00,W_KCSArticle.978,FALSE,W_Case.881
W_CaseArticle.521,W_Services_User.15,1,2017-03-17 00:00:00,W_KCSArticle.940,FALSE,W_Case.1665
W_CaseArticle.522,W_Services_User.7,1,2017-02-05 00:00:00,W_KCSArticle.780,FALSE,W_Case.502
W_CaseArticle.523,W_Services_User.18,1,2017-03-18 00:00:00,W_KCSArticle.556,FALSE,W_Case.2743
W_CaseArticle.524,W_Services_User.4,1,2017-03-30 00:00:00,W_KCSArticle.647,TRUE,W_Case.6623
W_CaseArticle.525,W_Services_User.14,1,2017-03-19 00:00:00,W_KCSArticle.647,FALSE,W_Case.7352
W_CaseArticle.526,W_Services_User.15,1,2016-05-01 00:00:00,W_KCSArticle.298,TRUE,W_Case.1360
W_CaseArticle.527,W_Services_User.7,1,2016-12-01 00:00:00,W_KCSArticle.603,FALSE,W_Case.474
W_CaseArticle.528,W_Services_User.5,1,2016-06-27 00:00:00,W_KCSArticle.40,TRUE,W_Case.4308
W_CaseArticle.529,W_Services_User.7,1,2017-03-08 00:00:00,W_KCSArticle.846,TRUE,W_Case.4103
W_CaseArticle.530,W_Services_User.4,1,2016-12-29 00:00:00,W_KCSArticle.447,TRUE,W_Case.3078
W_CaseArticle.531,W_Services_User.5,1,2017-01-21 00:00:00,W_KCSArticle.685,TRUE,W_Case.4878
W_CaseArticle.532,W_Services_User.14,1,2016-08-24 00:00:00,W_KCSArticle.920,TRUE,W_Case.1387
W_CaseArticle.533,W_Services_User.11,1,2016-12-05 00:00:00,W_KCSArticle.87,FALSE,W_Case.814
W_CaseArticle.534,W_Services_User.6,1,2016-05-04 00:00:00,W_KCSArticle.258,TRUE,W_Case.5331
W_CaseArticle.535,W_Services_User.4,1,2016-07-02 00:00:00,W_KCSArticle.849,TRUE,W_Case.4355
W_CaseArticle.536,W_Services_User.7,1,2016-11-23 00:00:00,W_KCSArticle.823,TRUE,W_Case.523
W_CaseArticle.537,W_Services_User.1,1,2016-06-10 00:00:00,W_KCSArticle.191,FALSE,W_Case.4311
W_CaseArticle.538,W_Services_User.8,1,2016-10-31 00:00:00,W_KCSArticle.610,FALSE,W_Case.5607
W_CaseArticle.539,W_Services_User.13,1,2016-04-18 00:00:00,W_KCSArticle.511,FALSE,W_Case.3237
W_CaseArticle.540,W_Services_User.2,1,2017-01-29 00:00:00,W_KCSArticle.163,TRUE,W_Case.3205
W_CaseArticle.541,W_Services_User.7,1,2016-09-10 00:00:00,W_KCSArticle.250,TRUE,W_Case.484
W_CaseArticle.542,W_Services_User.12,1,2017-02-07 00:00:00,W_KCSArticle.612,TRUE,W_Case.5391
W_CaseArticle.543,W_Services_User.14,1,2016-08-08 00:00:00,W_KCSArticle.896,FALSE,W_Case.5867
W_CaseArticle.544,W_Services_User.8,1,2016-05-05 00:00:00,W_KCSArticle.410,TRUE,W_Case.6501
W_CaseArticle.545,W_Services_User.19,1,2016-04-13 00:00:00,W_KCSArticle.617,TRUE,W_Case.4003
W_CaseArticle.546,W_Services_User.3,1,2017-03-12 00:00:00,W_KCSArticle.194,TRUE,W_Case.3586
W_CaseArticle.547,W_Services_User.3,1,2016-11-15 00:00:00,W_KCSArticle.445,TRUE,W_Case.1784
W_CaseArticle.548,W_Services_User.13,1,2016-04-29 00:00:00,W_KCSArticle.463,TRUE,W_Case.1275
W_CaseArticle.549,W_Services_User.19,1,2016-05-01 00:00:00,W_KCSArticle.537,TRUE,W_Case.735
W_CaseArticle.550,W_Services_User.3,1,2016-05-15 00:00:00,W_KCSArticle.896,TRUE,W_Case.5198
W_CaseArticle.551,W_Services_User.1,1,2016-08-10 00:00:00,W_KCSArticle.842,FALSE,W_Case.6399
W_CaseArticle.552,W_Services_User.18,1,2016-06-22 00:00:00,W_KCSArticle.502,FALSE,W_Case.2703
W_CaseArticle.553,W_Services_User.20,1,2016-10-10 00:00:00,W_KCSArticle.979,FALSE,W_Case.4331
W_CaseArticle.554,W_Services_User.5,1,2016-07-06 00:00:00,W_KCSArticle.377,TRUE,W_Case.1758
W_CaseArticle.555,W_Services_User.16,1,2016-08-25 00:00:00,W_KCSArticle.589,FALSE,W_Case.157
W_CaseArticle.556,W_Services_User.6,1,2017-01-06 00:00:00,W_KCSArticle.106,TRUE,W_Case.6815
W_CaseArticle.557,W_Services_User.16,1,2016-05-15 00:00:00,W_KCSArticle.875,TRUE,W_Case.2619
W_CaseArticle.558,W_Services_User.3,1,2016-08-27 00:00:00,W_KCSArticle.856,FALSE,W_Case.5960
W_CaseArticle.559,W_Services_User.3,1,2016-08-22 00:00:00,W_KCSArticle.179,FALSE,W_Case.2976
W_CaseArticle.560,W_Services_User.3,1,2016-05-25 00:00:00,W_KCSArticle.212,TRUE,W_Case.4270
W_CaseArticle.561,W_Services_User.18,1,2017-01-19 00:00:00,W_KCSArticle.195,TRUE,W_Case.4532
W_CaseArticle.562,W_Services_User.19,1,2016-07-26 00:00:00,W_KCSArticle.209,FALSE,W_Case.2196
W_CaseArticle.563,W_Services_User.5,1,2016-04-19 00:00:00,W_KCSArticle.907,FALSE,W_Case.5257
W_CaseArticle.564,W_Services_User.2,1,2017-03-29 00:00:00,W_KCSArticle.16,FALSE,W_Case.3628
W_CaseArticle.565,W_Services_User.1,1,2016-09-04 00:00:00,W_KCSArticle.56,FALSE,W_Case.6374
W_CaseArticle.566,W_Services_User.8,1,2016-07-15 00:00:00,W_KCSArticle.682,FALSE,W_Case.4904
W_CaseArticle.567,W_Services_User.13,1,2016-05-19 00:00:00,W_KCSArticle.495,FALSE,W_Case.1407
W_CaseArticle.568,W_Services_User.5,1,2016-06-09 00:00:00,W_KCSArticle.631,FALSE,W_Case.7039
W_CaseArticle.569,W_Services_User.13,1,2016-09-20 00:00:00,W_KCSArticle.471,FALSE,W_Case.2327
W_CaseArticle.570,W_Services_User.13,1,2016-09-18 00:00:00,W_KCSArticle.76,FALSE,W_Case.3174
W_CaseArticle.571,W_Services_User.13,1,2016-11-22 00:00:00,W_KCSArticle.653,TRUE,W_Case.537
W_CaseArticle.572,W_Services_User.15,1,2017-01-23 00:00:00,W_KCSArticle.290,FALSE,W_Case.2472
W_CaseArticle.573,W_Services_User.2,1,2016-11-27 00:00:00,W_KCSArticle.644,TRUE,W_Case.4409
W_CaseArticle.574,W_Services_User.15,1,2016-09-24 00:00:00,W_KCSArticle.914,FALSE,W_Case.6892
W_CaseArticle.575,W_Services_User.2,1,2016-10-09 00:00:00,W_KCSArticle.583,TRUE,W_Case.4796
W_CaseArticle.576,W_Services_User.16,1,2016-10-26 00:00:00,W_KCSArticle.95,FALSE,W_Case.1521
W_CaseArticle.577,W_Services_User.14,1,2017-03-31 00:00:00,W_KCSArticle.526,FALSE,W_Case.2920
W_CaseArticle.578,W_Services_User.5,1,2016-11-26 00:00:00,W_KCSArticle.390,TRUE,W_Case.1930
W_CaseArticle.579,W_Services_User.13,1,2017-02-28 00:00:00,W_KCSArticle.72,TRUE,W_Case.2228
W_CaseArticle.580,W_Services_User.14,1,2017-02-24 00:00:00,W_KCSArticle.325,FALSE,W_Case.3181
W_CaseArticle.581,W_Services_User.6,1,2016-07-27 00:00:00,W_KCSArticle.5,TRUE,W_Case.7128
W_CaseArticle.582,W_Services_User.9,1,2017-01-02 00:00:00,W_KCSArticle.320,FALSE,W_Case.663
W_CaseArticle.583,W_Services_User.13,1,2016-12-23 00:00:00,W_KCSArticle.899,FALSE,W_Case.285
W_CaseArticle.584,W_Services_User.8,1,2016-07-07 00:00:00,W_KCSArticle.422,FALSE,W_Case.3511
W_CaseArticle.585,W_Services_User.11,1,2016-06-26 00:00:00,W_KCSArticle.124,TRUE,W_Case.1895
W_CaseArticle.586,W_Services_User.14,1,2017-01-12 00:00:00,W_KCSArticle.320,FALSE,W_Case.3433
W_CaseArticle.587,W_Services_User.15,1,2016-05-01 00:00:00,W_KCSArticle.932,FALSE,W_Case.1751
W_CaseArticle.588,W_Services_User.9,1,2016-12-21 00:00:00,W_KCSArticle.803,FALSE,W_Case.4246
W_CaseArticle.589,W_Services_User.6,1,2017-01-11 00:00:00,W_KCSArticle.503,FALSE,W_Case.7371
W_CaseArticle.590,W_Services_User.8,1,2016-05-09 00:00:00,W_KCSArticle.160,TRUE,W_Case.5124
W_CaseArticle.591,W_Services_User.19,1,2017-04-02 00:00:00,W_KCSArticle.318,TRUE,W_Case.1222
W_CaseArticle.592,W_Services_User.7,1,2016-10-14 00:00:00,W_KCSArticle.98,FALSE,W_Case.2323
W_CaseArticle.593,W_Services_User.12,1,2017-03-09 00:00:00,W_KCSArticle.6,FALSE,W_Case.1398
W_CaseArticle.594,W_Services_User.8,1,2016-04-29 00:00:00,W_KCSArticle.625,FALSE,W_Case.6218
W_CaseArticle.595,W_Services_User.20,1,2017-01-12 00:00:00,W_KCSArticle.615,TRUE,W_Case.1703
W_CaseArticle.596,W_Services_User.16,1,2017-02-14 00:00:00,W_KCSArticle.760,TRUE,W_Case.7007
W_CaseArticle.597,W_Services_User.2,1,2016-08-09 00:00:00,W_KCSArticle.676,TRUE,W_Case.6036
W_CaseArticle.598,W_Services_User.13,1,2016-05-11 00:00:00,W_KCSArticle.746,FALSE,W_Case.6663
W_CaseArticle.599,W_Services_User.10,1,2016-05-30 00:00:00,W_KCSArticle.598,TRUE,W_Case.3323
W_CaseArticle.600,W_Services_User.1,1,2016-12-02 00:00:00,W_KCSArticle.389,TRUE,W_Case.3033
W_CaseArticle.601,W_Services_User.16,1,2016-04-13 00:00:00,W_KCSArticle.373,TRUE,W_Case.2456
W_CaseArticle.602,W_Services_User.6,1,2017-04-01 00:00:00,W_KCSArticle.790,TRUE,W_Case.6835
W_CaseArticle.603,W_Services_User.16,1,2017-02-18 00:00:00,W_KCSArticle.813,FALSE,W_Case.4976
W_CaseArticle.604,W_Services_User.19,1,2016-06-30 00:00:00,W_KCSArticle.25,TRUE,W_Case.5131
W_CaseArticle.605,W_Services_User.4,1,2016-08-25 00:00:00,W_KCSArticle.330,TRUE,W_Case.688
W_CaseArticle.606,W_Services_User.9,1,2016-08-09 00:00:00,W_KCSArticle.174,FALSE,W_Case.5779
W_CaseArticle.607,W_Services_User.1,1,2017-01-14 00:00:00,W_KCSArticle.818,TRUE,W_Case.6427
W_CaseArticle.608,W_Services_User.5,1,2016-04-23 00:00:00,W_KCSArticle.351,FALSE,W_Case.4367
W_CaseArticle.609,W_Services_User.16,1,2016-04-25 00:00:00,W_KCSArticle.988,FALSE,W_Case.6909
W_CaseArticle.610,W_Services_User.18,1,2017-02-25 00:00:00,W_KCSArticle.976,FALSE,W_Case.3965
W_CaseArticle.611,W_Services_User.12,1,2016-07-25 00:00:00,W_KCSArticle.7,TRUE,W_Case.7137
W_CaseArticle.612,W_Services_User.2,1,2016-09-15 00:00:00,W_KCSArticle.229,TRUE,W_Case.2021
W_CaseArticle.613,W_Services_User.17,1,2016-09-12 00:00:00,W_KCSArticle.545,FALSE,W_Case.7416
W_CaseArticle.614,W_Services_User.5,1,2016-10-05 00:00:00,W_KCSArticle.537,TRUE,W_Case.7155
W_CaseArticle.615,W_Services_User.1,1,2016-05-11 00:00:00,W_KCSArticle.465,TRUE,W_Case.2668
W_CaseArticle.616,W_Services_User.17,1,2016-07-23 00:00:00,W_KCSArticle.571,FALSE,W_Case.3952
W_CaseArticle.617,W_Services_User.14,1,2017-01-27 00:00:00,W_KCSArticle.394,TRUE,W_Case.5638
W_CaseArticle.618,W_Services_User.20,1,2017-03-26 00:00:00,W_KCSArticle.316,TRUE,W_Case.4155
W_CaseArticle.619,W_Services_User.13,1,2016-10-27 00:00:00,W_KCSArticle.582,FALSE,W_Case.2194
W_CaseArticle.620,W_Services_User.13,1,2016-04-13 00:00:00,W_KCSArticle.977,FALSE,W_Case.3234
W_CaseArticle.621,W_Services_User.12,1,2016-08-06 00:00:00,W_KCSArticle.58,FALSE,W_Case.4853
W_CaseArticle.622,W_Services_User.6,1,2016-11-09 00:00:00,W_KCSArticle.262,FALSE,W_Case.907
W_CaseArticle.623,W_Services_User.1,1,2016-08-29 00:00:00,W_KCSArticle.912,TRUE,W_Case.2082
W_CaseArticle.624,W_Services_User.19,1,2016-11-10 00:00:00,W_KCSArticle.898,TRUE,W_Case.5364
W_CaseArticle.625,W_Services_User.8,1,2016-08-18 00:00:00,W_KCSArticle.507,TRUE,W_Case.4748
W_CaseArticle.626,W_Services_User.5,1,2016-12-16 00:00:00,W_KCSArticle.511,TRUE,W_Case.7194
W_CaseArticle.627,W_Services_User.16,1,2016-08-11 00:00:00,W_KCSArticle.132,FALSE,W_Case.5503
W_CaseArticle.628,W_Services_User.10,1,2016-07-25 00:00:00,W_KCSArticle.597,TRUE,W_Case.5492
W_CaseArticle.629,W_Services_User.17,1,2016-06-23 00:00:00,W_KCSArticle.888,TRUE,W_Case.1522
W_CaseArticle.630,W_Services_User.20,1,2017-03-07 00:00:00,W_KCSArticle.427,FALSE,W_Case.6465
W_CaseArticle.631,W_Services_User.1,1,2016-12-08 00:00:00,W_KCSArticle.777,FALSE,W_Case.323
W_CaseArticle.632,W_Services_User.8,1,2016-10-16 00:00:00,W_KCSArticle.19,FALSE,W_Case.5334
W_CaseArticle.633,W_Services_User.8,1,2017-02-22 00:00:00,W_KCSArticle.708,FALSE,W_Case.7326
W_CaseArticle.634,W_Services_User.6,1,2016-10-15 00:00:00,W_KCSArticle.626,TRUE,W_Case.254
W_CaseArticle.635,W_Services_User.19,1,2016-11-21 00:00:00,W_KCSArticle.111,FALSE,W_Case.118
W_CaseArticle.636,W_Services_User.6,1,2016-10-29 00:00:00,W_KCSArticle.5,TRUE,W_Case.3778
W_CaseArticle.637,W_Services_User.15,1,2016-08-27 00:00:00,W_KCSArticle.32,FALSE,W_Case.6592
W_CaseArticle.638,W_Services_User.20,1,2016-07-11 00:00:00,W_KCSArticle.718,FALSE,W_Case.5214
W_CaseArticle.639,W_Services_User.9,1,2016-10-22 00:00:00,W_KCSArticle.579,FALSE,W_Case.156
W_CaseArticle.640,W_Services_User.20,1,2016-10-08 00:00:00,W_KCSArticle.315,FALSE,W_Case.1726
W_CaseArticle.641,W_Services_User.18,1,2016-10-26 00:00:00,W_KCSArticle.662,TRUE,W_Case.645
W_CaseArticle.642,W_Services_User.10,1,2016-11-27 00:00:00,W_KCSArticle.880,TRUE,W_Case.6173
W_CaseArticle.643,W_Services_User.10,1,2016-05-08 00:00:00,W_KCSArticle.369,TRUE,W_Case.4554
W_CaseArticle.644,W_Services_User.15,1,2016-11-05 00:00:00,W_KCSArticle.386,FALSE,W_Case.6313
W_CaseArticle.645,W_Services_User.14,1,2016-09-24 00:00:00,W_KCSArticle.587,TRUE,W_Case.518
W_CaseArticle.646,W_Services_User.19,1,2016-06-07 00:00:00,W_KCSArticle.115,FALSE,W_Case.895
W_CaseArticle.647,W_Services_User.9,1,2016-08-05 00:00:00,W_KCSArticle.702,FALSE,W_Case.7226
W_CaseArticle.648,W_Services_User.7,1,2016-09-18 00:00:00,W_KCSArticle.731,FALSE,W_Case.3250
W_CaseArticle.649,W_Services_User.17,1,2016-08-15 00:00:00,W_KCSArticle.599,FALSE,W_Case.3250
W_CaseArticle.650,W_Services_User.5,1,2017-03-06 00:00:00,W_KCSArticle.500,TRUE,W_Case.4403
W_CaseArticle.651,W_Services_User.14,1,2017-01-19 00:00:00,W_KCSArticle.611,FALSE,W_Case.1918
W_CaseArticle.652,W_Services_User.11,1,2017-03-05 00:00:00,W_KCSArticle.409,FALSE,W_Case.3796
W_CaseArticle.653,W_Services_User.18,1,2016-04-12 00:00:00,W_KCSArticle.17,TRUE,W_Case.6336
W_CaseArticle.654,W_Services_User.13,1,2016-04-20 00:00:00,W_KCSArticle.352,TRUE,W_Case.2621
W_CaseArticle.655,W_Services_User.2,1,2017-02-06 00:00:00,W_KCSArticle.999,FALSE,W_Case.2859
W_CaseArticle.656,W_Services_User.12,1,2017-01-22 00:00:00,W_KCSArticle.254,FALSE,W_Case.4245
W_CaseArticle.657,W_Services_User.4,1,2016-05-31 00:00:00,W_KCSArticle.195,TRUE,W_Case.5108
W_CaseArticle.658,W_Services_User.6,1,2017-03-17 00:00:00,W_KCSArticle.329,TRUE,W_Case.2238
W_CaseArticle.659,W_Services_User.12,1,2016-10-16 00:00:00,W_KCSArticle.695,TRUE,W_Case.219
W_CaseArticle.660,W_Services_User.10,1,2016-06-22 00:00:00,W_KCSArticle.695,FALSE,W_Case.3136
W_CaseArticle.661,W_Services_User.2,1,2016-06-16 00:00:00,W_KCSArticle.259,FALSE,W_Case.2924
W_CaseArticle.662,W_Services_User.14,1,2016-06-04 00:00:00,W_KCSArticle.630,TRUE,W_Case.6815
W_CaseArticle.663,W_Services_User.14,1,2017-04-10 00:00:00,W_KCSArticle.261,TRUE,W_Case.2512
W_CaseArticle.664,W_Services_User.15,1,2016-11-05 00:00:00,W_KCSArticle.402,TRUE,W_Case.7075
W_CaseArticle.665,W_Services_User.13,1,2016-06-19 00:00:00,W_KCSArticle.335,FALSE,W_Case.4904
W_CaseArticle.666,W_Services_User.9,1,2016-11-23 00:00:00,W_KCSArticle.206,TRUE,W_Case.1823
W_CaseArticle.667,W_Services_User.20,1,2017-04-10 00:00:00,W_KCSArticle.661,TRUE,W_Case.1422
W_CaseArticle.668,W_Services_User.5,1,2016-08-08 00:00:00,W_KCSArticle.404,TRUE,W_Case.5361
W_CaseArticle.669,W_Services_User.19,1,2016-05-02 00:00:00,W_KCSArticle.148,FALSE,W_Case.160
W_CaseArticle.670,W_Services_User.15,1,2017-03-14 00:00:00,W_KCSArticle.738,FALSE,W_Case.5618
W_CaseArticle.671,W_Services_User.2,1,2016-08-03 00:00:00,W_KCSArticle.329,TRUE,W_Case.6950
W_CaseArticle.672,W_Services_User.6,1,2016-12-29 00:00:00,W_KCSArticle.919,FALSE,W_Case.5714
W_CaseArticle.673,W_Services_User.9,1,2016-08-06 00:00:00,W_KCSArticle.558,FALSE,W_Case.2525
W_CaseArticle.674,W_Services_User.2,1,2016-10-01 00:00:00,W_KCSArticle.352,TRUE,W_Case.6889
W_CaseArticle.675,W_Services_User.19,1,2016-09-24 00:00:00,W_KCSArticle.856,FALSE,W_Case.1591
W_CaseArticle.676,W_Services_User.1,1,2016-08-22 00:00:00,W_KCSArticle.938,TRUE,W_Case.5613
W_CaseArticle.677,W_Services_User.4,1,2017-02-14 00:00:00,W_KCSArticle.125,TRUE,W_Case.4370
W_CaseArticle.678,W_Services_User.11,1,2017-01-21 00:00:00,W_KCSArticle.365,TRUE,W_Case.4662
W_CaseArticle.679,W_Services_User.17,1,2016-08-06 00:00:00,W_KCSArticle.199,TRUE,W_Case.6707
W_CaseArticle.680,W_Services_User.11,1,2016-06-27 00:00:00,W_KCSArticle.254,FALSE,W_Case.109
W_CaseArticle.681,W_Services_User.6,1,2016-10-07 00:00:00,W_KCSArticle.257,TRUE,W_Case.566
W_CaseArticle.682,W_Services_User.12,1,2016-04-13 00:00:00,W_KCSArticle.148,FALSE,W_Case.216
W_CaseArticle.683,W_Services_User.9,1,2017-04-09 00:00:00,W_KCSArticle.371,TRUE,W_Case.5668
W_CaseArticle.684,W_Services_User.18,1,2017-02-22 00:00:00,W_KCSArticle.587,FALSE,W_Case.4784
W_CaseArticle.685,W_Services_User.3,1,2016-09-03 00:00:00,W_KCSArticle.995,TRUE,W_Case.1923
W_CaseArticle.686,W_Services_User.14,1,2017-02-07 00:00:00,W_KCSArticle.936,TRUE,W_Case.1995
W_CaseArticle.687,W_Services_User.7,1,2016-09-14 00:00:00,W_KCSArticle.312,TRUE,W_Case.4362
W_CaseArticle.688,W_Services_User.13,1,2017-03-24 00:00:00,W_KCSArticle.62,FALSE,W_Case.1609
W_CaseArticle.689,W_Services_User.14,1,2017-02-23 00:00:00,W_KCSArticle.900,TRUE,W_Case.7308
W_CaseArticle.690,W_Services_User.9,1,2016-05-10 00:00:00,W_KCSArticle.630,FALSE,W_Case.6264
W_CaseArticle.691,W_Services_User.8,1,2017-02-15 00:00:00,W_KCSArticle.744,TRUE,W_Case.171
W_CaseArticle.692,W_Services_User.15,1,2016-09-29 00:00:00,W_KCSArticle.189,FALSE,W_Case.6450
W_CaseArticle.693,W_Services_User.8,1,2017-02-06 00:00:00,W_KCSArticle.841,TRUE,W_Case.1350
W_CaseArticle.694,W_Services_User.3,1,2016-09-02 00:00:00,W_KCSArticle.223,FALSE,W_Case.1403
W_CaseArticle.695,W_Services_User.17,1,2016-08-30 00:00:00,W_KCSArticle.586,FALSE,W_Case.5524
W_CaseArticle.696,W_Services_User.15,1,2016-04-22 00:00:00,W_KCSArticle.274,FALSE,W_Case.4700
W_CaseArticle.697,W_Services_User.6,1,2016-11-18 00:00:00,W_KCSArticle.787,TRUE,W_Case.7288
W_CaseArticle.698,W_Services_User.1,1,2016-10-11 00:00:00,W_KCSArticle.298,FALSE,W_Case.2037
W_CaseArticle.699,W_Services_User.8,1,2016-09-14 00:00:00,W_KCSArticle.284,TRUE,W_Case.3966
W_CaseArticle.700,W_Services_User.4,1,2016-09-09 00:00:00,W_KCSArticle.169,TRUE,W_Case.7085
W_CaseArticle.701,W_Services_User.5,1,2016-08-30 00:00:00,W_KCSArticle.738,FALSE,W_Case.1435
W_CaseArticle.702,W_Services_User.11,1,2016-11-20 00:00:00,W_KCSArticle.956,TRUE,W_Case.6002
W_CaseArticle.703,W_Services_User.14,1,2016-05-22 00:00:00,W_KCSArticle.308,TRUE,W_Case.2729
W_CaseArticle.704,W_Services_User.1,1,2016-11-19 00:00:00,W_KCSArticle.344,FALSE,W_Case.1708
W_CaseArticle.705,W_Services_User.13,1,2016-12-17 00:00:00,W_KCSArticle.599,TRUE,W_Case.510
W_CaseArticle.706,W_Services_User.9,1,2017-02-21 00:00:00,W_KCSArticle.594,TRUE,W_Case.877
W_CaseArticle.707,W_Services_User.11,1,2017-03-10 00:00:00,W_KCSArticle.134,TRUE,W_Case.5378
W_CaseArticle.708,W_Services_User.4,1,2016-12-25 00:00:00,W_KCSArticle.968,FALSE,W_Case.5338
W_CaseArticle.709,W_Services_User.19,1,2017-03-29 00:00:00,W_KCSArticle.359,FALSE,W_Case.335
W_CaseArticle.710,W_Services_User.8,1,2017-01-13 00:00:00,W_KCSArticle.31,FALSE,W_Case.7421
W_CaseArticle.711,W_Services_User.2,1,2017-03-31 00:00:00,W_KCSArticle.676,FALSE,W_Case.2568
W_CaseArticle.712,W_Services_User.2,1,2016-11-23 00:00:00,W_KCSArticle.645,TRUE,W_Case.7216
W_CaseArticle.713,W_Services_User.16,1,2016-08-02 00:00:00,W_KCSArticle.771,FALSE,W_Case.2376
W_CaseArticle.714,W_Services_User.20,1,2016-09-29 00:00:00,W_KCSArticle.248,FALSE,W_Case.3492
W_CaseArticle.715,W_Services_User.3,1,2016-07-06 00:00:00,W_KCSArticle.216,FALSE,W_Case.7158
W_CaseArticle.716,W_Services_User.1,1,2016-10-12 00:00:00,W_KCSArticle.715,TRUE,W_Case.2431
W_CaseArticle.717,W_Services_User.7,1,2016-07-01 00:00:00,W_KCSArticle.314,FALSE,W_Case.6130
W_CaseArticle.718,W_Services_User.7,1,2016-05-22 00:00:00,W_KCSArticle.380,TRUE,W_Case.5884
W_CaseArticle.719,W_Services_User.15,1,2016-07-01 00:00:00,W_KCSArticle.784,TRUE,W_Case.2403
W_CaseArticle.720,W_Services_User.14,1,2016-10-11 00:00:00,W_KCSArticle.374,TRUE,W_Case.1092
W_CaseArticle.721,W_Services_User.14,1,2016-09-11 00:00:00,W_KCSArticle.182,TRUE,W_Case.2482
W_CaseArticle.722,W_Services_User.16,1,2016-07-28 00:00:00,W_KCSArticle.548,FALSE,W_Case.4877
W_CaseArticle.723,W_Services_User.19,1,2017-03-17 00:00:00,W_KCSArticle.364,TRUE,W_Case.7311
W_CaseArticle.724,W_Services_User.14,1,2017-01-21 00:00:00,W_KCSArticle.107,TRUE,W_Case.5030
W_CaseArticle.725,W_Services_User.8,1,2016-07-23 00:00:00,W_KCSArticle.897,FALSE,W_Case.5246
W_CaseArticle.726,W_Services_User.19,1,2016-05-06 00:00:00,W_KCSArticle.866,FALSE,W_Case.2977
W_CaseArticle.727,W_Services_User.9,1,2016-05-06 00:00:00,W_KCSArticle.25,FALSE,W_Case.143
W_CaseArticle.728,W_Services_User.6,1,2017-02-13 00:00:00,W_KCSArticle.432,FALSE,W_Case.1461
W_CaseArticle.729,W_Services_User.10,1,2017-04-05 00:00:00,W_KCSArticle.686,FALSE,W_Case.4658
W_CaseArticle.730,W_Services_User.5,1,2016-05-18 00:00:00,W_KCSArticle.695,FALSE,W_Case.3387
W_CaseArticle.731,W_Services_User.1,1,2016-08-19 00:00:00,W_KCSArticle.878,FALSE,W_Case.2867
W_CaseArticle.732,W_Services_User.18,1,2016-11-19 00:00:00,W_KCSArticle.354,FALSE,W_Case.3010
W_CaseArticle.733,W_Services_User.8,1,2016-07-04 00:00:00,W_KCSArticle.872,FALSE,W_Case.4528
W_CaseArticle.734,W_Services_User.18,1,2016-12-14 00:00:00,W_KCSArticle.313,FALSE,W_Case.5548
W_CaseArticle.735,W_Services_User.14,1,2017-03-27 00:00:00,W_KCSArticle.895,FALSE,W_Case.6655
W_CaseArticle.736,W_Services_User.14,1,2016-08-07 00:00:00,W_KCSArticle.647,FALSE,W_Case.1499
W_CaseArticle.737,W_Services_User.17,1,2017-03-29 00:00:00,W_KCSArticle.90,FALSE,W_Case.1188
W_CaseArticle.738,W_Services_User.15,1,2016-11-20 00:00:00,W_KCSArticle.268,FALSE,W_Case.6071
W_CaseArticle.739,W_Services_User.14,1,2016-10-14 00:00:00,W_KCSArticle.885,TRUE,W_Case.7439
W_CaseArticle.740,W_Services_User.10,1,2016-11-03 00:00:00,W_KCSArticle.410,FALSE,W_Case.3947
W_CaseArticle.741,W_Services_User.16,1,2017-01-06 00:00:00,W_KCSArticle.569,FALSE,W_Case.4172
W_CaseArticle.742,W_Services_User.19,1,2016-09-07 00:00:00,W_KCSArticle.411,FALSE,W_Case.4644
W_CaseArticle.743,W_Services_User.18,1,2016-10-14 00:00:00,W_KCSArticle.849,FALSE,W_Case.7099
W_CaseArticle.744,W_Services_User.9,1,2016-12-01 00:00:00,W_KCSArticle.87,FALSE,W_Case.2308
W_CaseArticle.745,W_Services_User.9,1,2016-04-15 00:00:00,W_KCSArticle.651,TRUE,W_Case.1349
W_CaseArticle.746,W_Services_User.18,1,2017-03-19 00:00:00,W_KCSArticle.147,FALSE,W_Case.328
W_CaseArticle.747,W_Services_User.12,1,2016-11-14 00:00:00,W_KCSArticle.895,FALSE,W_Case.3787
W_CaseArticle.748,W_Services_User.7,1,2016-08-13 00:00:00,W_KCSArticle.43,TRUE,W_Case.3454
W_CaseArticle.749,W_Services_User.7,1,2017-02-04 00:00:00,W_KCSArticle.749,TRUE,W_Case.2422
W_CaseArticle.750,W_Services_User.15,1,2016-05-10 00:00:00,W_KCSArticle.689,TRUE,W_Case.892
W_CaseArticle.751,W_Services_User.6,1,2017-04-09 00:00:00,W_KCSArticle.437,TRUE,W_Case.1199
W_CaseArticle.752,W_Services_User.20,1,2016-10-29 00:00:00,W_KCSArticle.476,TRUE,W_Case.5533
W_CaseArticle.753,W_Services_User.10,1,2017-03-08 00:00:00,W_KCSArticle.251,FALSE,W_Case.2148
W_CaseArticle.754,W_Services_User.2,1,2016-07-21 00:00:00,W_KCSArticle.354,FALSE,W_Case.4190
W_CaseArticle.755,W_Services_User.16,1,2016-09-08 00:00:00,W_KCSArticle.489,TRUE,W_Case.5154
W_CaseArticle.756,W_Services_User.3,1,2017-01-15 00:00:00,W_KCSArticle.173,FALSE,W_Case.4404
W_CaseArticle.757,W_Services_User.8,1,2016-09-07 00:00:00,W_KCSArticle.370,TRUE,W_Case.194
W_CaseArticle.758,W_Services_User.19,1,2016-07-08 00:00:00,W_KCSArticle.944,TRUE,W_Case.4528
W_CaseArticle.759,W_Services_User.2,1,2017-01-02 00:00:00,W_KCSArticle.442,TRUE,W_Case.6781
W_CaseArticle.760,W_Services_User.16,1,2016-07-22 00:00:00,W_KCSArticle.662,TRUE,W_Case.327
W_CaseArticle.761,W_Services_User.19,1,2017-03-02 00:00:00,W_KCSArticle.73,TRUE,W_Case.675
W_CaseArticle.762,W_Services_User.5,1,2016-10-26 00:00:00,W_KCSArticle.129,FALSE,W_Case.4831
W_CaseArticle.763,W_Services_User.15,1,2016-10-23 00:00:00,W_KCSArticle.912,FALSE,W_Case.5200
W_CaseArticle.764,W_Services_User.4,1,2017-02-26 00:00:00,W_KCSArticle.670,FALSE,W_Case.4878
W_CaseArticle.765,W_Services_User.2,1,2016-11-07 00:00:00,W_KCSArticle.61,FALSE,W_Case.7334
W_CaseArticle.766,W_Services_User.2,1,2017-03-12 00:00:00,W_KCSArticle.129,FALSE,W_Case.2816
W_CaseArticle.767,W_Services_User.9,1,2016-04-26 00:00:00,W_KCSArticle.233,TRUE,W_Case.6033
W_CaseArticle.768,W_Services_User.8,1,2016-05-04 00:00:00,W_KCSArticle.273,FALSE,W_Case.6292
W_CaseArticle.769,W_Services_User.15,1,2017-02-25 00:00:00,W_KCSArticle.361,FALSE,W_Case.2238
W_CaseArticle.770,W_Services_User.5,1,2016-09-28 00:00:00,W_KCSArticle.399,TRUE,W_Case.4180
W_CaseArticle.771,W_Services_User.5,1,2016-10-28 00:00:00,W_KCSArticle.295,TRUE,W_Case.6043
W_CaseArticle.772,W_Services_User.17,1,2016-06-11 00:00:00,W_KCSArticle.33,FALSE,W_Case.4906
W_CaseArticle.773,W_Services_User.11,1,2016-09-14 00:00:00,W_KCSArticle.846,TRUE,W_Case.1422
W_CaseArticle.774,W_Services_User.2,1,2017-03-15 00:00:00,W_KCSArticle.899,FALSE,W_Case.7381
W_CaseArticle.775,W_Services_User.14,1,2016-10-05 00:00:00,W_KCSArticle.100,TRUE,W_Case.784
W_CaseArticle.776,W_Services_User.20,1,2016-11-06 00:00:00,W_KCSArticle.167,TRUE,W_Case.3493
W_CaseArticle.777,W_Services_User.3,1,2016-04-30 00:00:00,W_KCSArticle.281,TRUE,W_Case.2044
W_CaseArticle.778,W_Services_User.9,1,2016-08-09 00:00:00,W_KCSArticle.952,FALSE,W_Case.4296
W_CaseArticle.779,W_Services_User.9,1,2016-09-11 00:00:00,W_KCSArticle.519,TRUE,W_Case.3683
W_CaseArticle.780,W_Services_User.6,1,2016-07-08 00:00:00,W_KCSArticle.683,FALSE,W_Case.4025
W_CaseArticle.781,W_Services_User.13,1,2016-06-09 00:00:00,W_KCSArticle.528,FALSE,W_Case.3670
W_CaseArticle.782,W_Services_User.14,1,2016-10-15 00:00:00,W_KCSArticle.690,FALSE,W_Case.6144
W_CaseArticle.783,W_Services_User.10,1,2016-09-30 00:00:00,W_KCSArticle.180,TRUE,W_Case.4740
W_CaseArticle.784,W_Services_User.20,1,2016-06-29 00:00:00,W_KCSArticle.710,FALSE,W_Case.6699
W_CaseArticle.785,W_Services_User.17,1,2016-06-04 00:00:00,W_KCSArticle.420,TRUE,W_Case.2602
W_CaseArticle.786,W_Services_User.12,1,2016-11-27 00:00:00,W_KCSArticle.707,FALSE,W_Case.3281
W_CaseArticle.787,W_Services_User.19,1,2016-12-06 00:00:00,W_KCSArticle.72,FALSE,W_Case.2754
W_CaseArticle.788,W_Services_User.8,1,2016-08-14 00:00:00,W_KCSArticle.899,TRUE,W_Case.7012
W_CaseArticle.789,W_Services_User.18,1,2017-03-07 00:00:00,W_KCSArticle.588,TRUE,W_Case.2500
W_CaseArticle.790,W_Services_User.1,1,2016-05-25 00:00:00,W_KCSArticle.176,TRUE,W_Case.6192
W_CaseArticle.791,W_Services_User.20,1,2016-05-21 00:00:00,W_KCSArticle.19,FALSE,W_Case.5926
W_CaseArticle.792,W_Services_User.6,1,2017-03-06 00:00:00,W_KCSArticle.747,TRUE,W_Case.1411
W_CaseArticle.793,W_Services_User.6,1,2016-12-03 00:00:00,W_KCSArticle.729,FALSE,W_Case.7053
W_CaseArticle.794,W_Services_User.7,1,2016-10-19 00:00:00,W_KCSArticle.500,TRUE,W_Case.4901
W_CaseArticle.795,W_Services_User.15,1,2016-08-28 00:00:00,W_KCSArticle.235,TRUE,W_Case.4107
W_CaseArticle.796,W_Services_User.15,1,2016-06-12 00:00:00,W_KCSArticle.468,FALSE,W_Case.5391
W_CaseArticle.797,W_Services_User.12,1,2016-08-18 00:00:00,W_KCSArticle.107,FALSE,W_Case.6813
W_CaseArticle.798,W_Services_User.11,1,2016-05-21 00:00:00,W_KCSArticle.903,FALSE,W_Case.2100
W_CaseArticle.799,W_Services_User.19,1,2016-06-03 00:00:00,W_KCSArticle.173,TRUE,W_Case.5210
W_CaseArticle.800,W_Services_User.4,1,2016-06-05 00:00:00,W_KCSArticle.107,TRUE,W_Case.5331
W_CaseArticle.801,W_Services_User.12,1,2016-05-07 00:00:00,W_KCSArticle.550,FALSE,W_Case.6162
W_CaseArticle.802,W_Services_User.5,1,2016-08-14 00:00:00,W_KCSArticle.672,TRUE,W_Case.1605
W_CaseArticle.803,W_Services_User.1,1,2017-03-24 00:00:00,W_KCSArticle.766,TRUE,W_Case.6887
W_CaseArticle.804,W_Services_User.9,1,2016-05-21 00:00:00,W_KCSArticle.42,FALSE,W_Case.263
W_CaseArticle.805,W_Services_User.20,1,2016-09-16 00:00:00,W_KCSArticle.233,TRUE,W_Case.1368
W_CaseArticle.806,W_Services_User.5,1,2016-11-13 00:00:00,W_KCSArticle.844,TRUE,W_Case.4884
W_CaseArticle.807,W_Services_User.2,1,2017-03-29 00:00:00,W_KCSArticle.750,FALSE,W_Case.1814
W_CaseArticle.808,W_Services_User.12,1,2016-05-18 00:00:00,W_KCSArticle.460,FALSE,W_Case.6675
W_CaseArticle.809,W_Services_User.14,1,2016-08-25 00:00:00,W_KCSArticle.794,TRUE,W_Case.5638
W_CaseArticle.810,W_Services_User.11,1,2017-02-09 00:00:00,W_KCSArticle.447,FALSE,W_Case.5426
W_CaseArticle.811,W_Services_User.13,1,2016-05-17 00:00:00,W_KCSArticle.292,TRUE,W_Case.6424
W_CaseArticle.812,W_Services_User.2,1,2016-12-15 00:00:00,W_KCSArticle.612,FALSE,W_Case.4108
W_CaseArticle.813,W_Services_User.11,1,2016-06-27 00:00:00,W_KCSArticle.394,FALSE,W_Case.3224
W_CaseArticle.814,W_Services_User.8,1,2016-06-27 00:00:00,W_KCSArticle.523,FALSE,W_Case.5225
W_CaseArticle.815,W_Services_User.5,1,2016-11-25 00:00:00,W_KCSArticle.413,TRUE,W_Case.6190
W_CaseArticle.816,W_Services_User.3,1,2016-07-25 00:00:00,W_KCSArticle.742,TRUE,W_Case.639
W_CaseArticle.817,W_Services_User.3,1,2016-09-14 00:00:00,W_KCSArticle.760,FALSE,W_Case.4026
W_CaseArticle.818,W_Services_User.15,1,2017-01-20 00:00:00,W_KCSArticle.993,TRUE,W_Case.4963
W_CaseArticle.819,W_Services_User.5,1,2016-10-18 00:00:00,W_KCSArticle.885,TRUE,W_Case.795
W_CaseArticle.820,W_Services_User.6,1,2016-11-16 00:00:00,W_KCSArticle.320,TRUE,W_Case.1637
W_CaseArticle.821,W_Services_User.8,1,2017-01-23 00:00:00,W_KCSArticle.162,TRUE,W_Case.7447
W_CaseArticle.822,W_Services_User.20,1,2016-05-12 00:00:00,W_KCSArticle.474,FALSE,W_Case.1951
W_CaseArticle.823,W_Services_User.2,1,2016-05-08 00:00:00,W_KCSArticle.167,FALSE,W_Case.2173
W_CaseArticle.824,W_Services_User.9,1,2016-08-18 00:00:00,W_KCSArticle.113,TRUE,W_Case.3769
W_CaseArticle.825,W_Services_User.10,1,2016-11-03 00:00:00,W_KCSArticle.983,TRUE,W_Case.4214
W_CaseArticle.826,W_Services_User.5,1,2016-07-11 00:00:00,W_KCSArticle.500,TRUE,W_Case.3771
W_CaseArticle.827,W_Services_User.18,1,2017-02-20 00:00:00,W_KCSArticle.938,FALSE,W_Case.3466
W_CaseArticle.828,W_Services_User.9,1,2016-07-28 00:00:00,W_KCSArticle.467,TRUE,W_Case.3316
W_CaseArticle.829,W_Services_User.9,1,2017-02-12 00:00:00,W_KCSArticle.392,FALSE,W_Case.5435
W_CaseArticle.830,W_Services_User.9,1,2016-11-05 00:00:00,W_KCSArticle.15,FALSE,W_Case.1685
W_CaseArticle.831,W_Services_User.13,1,2016-07-28 00:00:00,W_KCSArticle.628,FALSE,W_Case.3583
W_CaseArticle.832,W_Services_User.4,1,2016-05-23 00:00:00,W_KCSArticle.685,TRUE,W_Case.6480
W_CaseArticle.833,W_Services_User.17,1,2016-11-05 00:00:00,W_KCSArticle.768,FALSE,W_Case.2521
W_CaseArticle.834,W_Services_User.18,1,2017-03-18 00:00:00,W_KCSArticle.117,TRUE,W_Case.3368
W_CaseArticle.835,W_Services_User.11,1,2017-02-24 00:00:00,W_KCSArticle.308,TRUE,W_Case.2877
W_CaseArticle.836,W_Services_User.1,1,2017-03-17 00:00:00,W_KCSArticle.748,FALSE,W_Case.3815
W_CaseArticle.837,W_Services_User.3,1,2017-02-27 00:00:00,W_KCSArticle.467,FALSE,W_Case.4964
W_CaseArticle.838,W_Services_User.19,1,2016-11-22 00:00:00,W_KCSArticle.389,TRUE,W_Case.2405
W_CaseArticle.839,W_Services_User.5,1,2016-05-06 00:00:00,W_KCSArticle.35,FALSE,W_Case.5525
W_CaseArticle.840,W_Services_User.14,1,2016-09-28 00:00:00,W_KCSArticle.884,TRUE,W_Case.7003
W_CaseArticle.841,W_Services_User.11,1,2016-08-08 00:00:00,W_KCSArticle.21,TRUE,W_Case.1584
W_CaseArticle.842,W_Services_User.12,1,2016-07-24 00:00:00,W_KCSArticle.620,FALSE,W_Case.6452
W_CaseArticle.843,W_Services_User.16,1,2017-02-11 00:00:00,W_KCSArticle.509,TRUE,W_Case.636
W_CaseArticle.844,W_Services_User.18,1,2016-05-20 00:00:00,W_KCSArticle.198,FALSE,W_Case.6996
W_CaseArticle.845,W_Services_User.4,1,2016-05-15 00:00:00,W_KCSArticle.914,TRUE,W_Case.1895
W_CaseArticle.846,W_Services_User.8,1,2016-12-25 00:00:00,W_KCSArticle.456,FALSE,W_Case.6950
W_CaseArticle.847,W_Services_User.20,1,2016-05-12 00:00:00,W_KCSArticle.779,FALSE,W_Case.4245
W_CaseArticle.848,W_Services_User.19,1,2017-02-19 00:00:00,W_KCSArticle.429,FALSE,W_Case.1839
W_CaseArticle.849,W_Services_User.15,1,2016-12-25 00:00:00,W_KCSArticle.819,FALSE,W_Case.2836
W_CaseArticle.850,W_Services_User.16,1,2016-12-20 00:00:00,W_KCSArticle.57,TRUE,W_Case.4769
W_CaseArticle.851,W_Services_User.15,1,2017-04-05 00:00:00,W_KCSArticle.164,TRUE,W_Case.2992
W_CaseArticle.852,W_Services_User.8,1,2016-12-18 00:00:00,W_KCSArticle.182,FALSE,W_Case.2146
W_CaseArticle.853,W_Services_User.2,1,2016-11-30 00:00:00,W_KCSArticle.457,TRUE,W_Case.3988
W_CaseArticle.854,W_Services_User.5,1,2016-05-14 00:00:00,W_KCSArticle.44,TRUE,W_Case.4562
W_CaseArticle.855,W_Services_User.7,1,2017-02-10 00:00:00,W_KCSArticle.505,FALSE,W_Case.5916
W_CaseArticle.856,W_Services_User.7,1,2016-09-02 00:00:00,W_KCSArticle.897,FALSE,W_Case.5922
W_CaseArticle.857,W_Services_User.17,1,2016-08-20 00:00:00,W_KCSArticle.94,TRUE,W_Case.1295
W_CaseArticle.858,W_Services_User.18,1,2016-07-23 00:00:00,W_KCSArticle.92,FALSE,W_Case.139
W_CaseArticle.859,W_Services_User.2,1,2016-06-09 00:00:00,W_KCSArticle.730,FALSE,W_Case.6105
W_CaseArticle.860,W_Services_User.10,1,2017-01-11 00:00:00,W_KCSArticle.947,FALSE,W_Case.4499
W_CaseArticle.861,W_Services_User.18,1,2016-05-24 00:00:00,W_KCSArticle.520,TRUE,W_Case.6065
W_CaseArticle.862,W_Services_User.2,1,2016-12-23 00:00:00,W_KCSArticle.17,FALSE,W_Case.440
W_CaseArticle.863,W_Services_User.12,1,2017-02-28 00:00:00,W_KCSArticle.3,TRUE,W_Case.1416
W_CaseArticle.864,W_Services_User.10,1,2016-08-22 00:00:00,W_KCSArticle.665,FALSE,W_Case.4467
W_CaseArticle.865,W_Services_User.14,1,2016-08-06 00:00:00,W_KCSArticle.885,FALSE,W_Case.2477
W_CaseArticle.866,W_Services_User.20,1,2016-06-11 00:00:00,W_KCSArticle.357,TRUE,W_Case.1363
W_CaseArticle.867,W_Services_User.9,1,2016-12-26 00:00:00,W_KCSArticle.319,FALSE,W_Case.3579
W_CaseArticle.868,W_Services_User.20,1,2016-07-11 00:00:00,W_KCSArticle.83,FALSE,W_Case.154
W_CaseArticle.869,W_Services_User.2,1,2017-01-06 00:00:00,W_KCSArticle.525,FALSE,W_Case.7409
W_CaseArticle.870,W_Services_User.19,1,2016-04-14 00:00:00,W_KCSArticle.135,TRUE,W_Case.4252
W_CaseArticle.871,W_Services_User.1,1,2016-07-11 00:00:00,W_KCSArticle.748,TRUE,W_Case.4765
W_CaseArticle.872,W_Services_User.5,1,2016-09-02 00:00:00,W_KCSArticle.441,FALSE,W_Case.1106
W_CaseArticle.873,W_Services_User.7,1,2017-02-04 00:00:00,W_KCSArticle.203,FALSE,W_Case.6826
W_CaseArticle.874,W_Services_User.11,1,2016-10-12 00:00:00,W_KCSArticle.784,FALSE,W_Case.1179
W_CaseArticle.875,W_Services_User.14,1,2016-12-28 00:00:00,W_KCSArticle.238,FALSE,W_Case.7256
W_CaseArticle.876,W_Services_User.3,1,2016-10-30 00:00:00,W_KCSArticle.754,TRUE,W_Case.944
