External_Id__c,Agent.External_Id__c,Detail,Time,Type,LiveChatTranscript.External_Id__c,CreatedDate__c,Time__c
W_LiveChatTranscriptEvent.1,W_Services_User.13,V,2017-01-16 19:11:27,Accept,W_LiveChatTranscript.1148,2017-01-16 19:11:27,2017-01-16 19:11:27
W_LiveChatTranscriptEvent.2,W_Services_User.20,D,2016-07-04 21:48:31,Accept,W_LiveChatTranscript.2,2016-07-04 21:48:31,2016-07-04 21:48:31
W_LiveChatTranscriptEvent.3,W_Services_User.5,V,2016-11-20 09:48:59,Accept,W_LiveChatTranscript.67,2016-11-20 09:48:59,2016-11-20 09:48:59
W_LiveChatTranscriptEvent.4,W_Services_User.16,M,2016-09-07 18:48:49,Accept,W_LiveChatTranscript.176,2016-09-07 18:48:49,2016-09-07 18:48:49
W_LiveChatTranscriptEvent.5,W_Services_User.2,M,2017-03-24 11:55:55,Accept,W_LiveChatTranscript.1253,2017-03-24 11:55:55,2017-03-24 11:55:55
W_LiveChatTranscriptEvent.6,W_Services_User.17,I,2016-08-30 04:52:25,Accept,W_LiveChatTranscript.50,2016-08-30 04:52:25,2016-08-30 04:52:25
W_LiveChatTranscriptEvent.7,W_Services_User.18,A,2016-07-22 11:11:37,Accept,W_LiveChatTranscript.1799,2016-07-22 11:11:37,2016-07-22 11:11:37
W_LiveChatTranscriptEvent.8,W_Services_User.14,S,2016-07-30 05:52:51,Accept,W_LiveChatTranscript.527,2016-07-30 05:52:51,2016-07-30 05:52:51
W_LiveChatTranscriptEvent.9,W_Services_User.19,Q,2016-06-26 06:28:23,Accept,W_LiveChatTranscript.2208,2016-06-26 06:28:23,2016-06-26 06:28:23
W_LiveChatTranscriptEvent.10,W_Services_User.9,P,2016-07-18 08:11:25,Accept,W_LiveChatTranscript.806,2016-07-18 08:11:25,2016-07-18 08:11:25
W_LiveChatTranscriptEvent.11,W_Services_User.14,S,2016-11-09 02:04:21,Accept,W_LiveChatTranscript.562,2016-11-09 02:04:21,2016-11-09 02:04:21
W_LiveChatTranscriptEvent.12,W_Services_User.14,E,2017-01-29 18:14:57,Accept,W_LiveChatTranscript.303,2017-01-29 18:14:57,2017-01-29 18:14:57
W_LiveChatTranscriptEvent.13,W_Services_User.9,N,2016-08-28 22:50:32,Accept,W_LiveChatTranscript.1276,2016-08-28 22:50:32,2016-08-28 22:50:32
W_LiveChatTranscriptEvent.14,W_Services_User.17,P,2016-06-28 11:12:56,Accept,W_LiveChatTranscript.182,2016-06-28 11:12:56,2016-06-28 11:12:56
W_LiveChatTranscriptEvent.15,W_Services_User.14,M,2016-11-15 03:16:30,Accept,W_LiveChatTranscript.1092,2016-11-15 03:16:30,2016-11-15 03:16:30
W_LiveChatTranscriptEvent.16,W_Services_User.20,P,2016-09-08 13:38:19,Accept,W_LiveChatTranscript.1479,2016-09-08 13:38:19,2016-09-08 13:38:19
W_LiveChatTranscriptEvent.17,W_Services_User.12,A,2017-02-03 15:29:19,Accept,W_LiveChatTranscript.1062,2017-02-03 15:29:19,2017-02-03 15:29:19
W_LiveChatTranscriptEvent.18,W_Services_User.8,N,2016-09-13 01:51:58,Accept,W_LiveChatTranscript.1559,2016-09-13 01:51:58,2016-09-13 01:51:58
W_LiveChatTranscriptEvent.19,W_Services_User.2,F,2016-11-09 20:28:14,Accept,W_LiveChatTranscript.1735,2016-11-09 20:28:14,2016-11-09 20:28:14
W_LiveChatTranscriptEvent.20,W_Services_User.7,D,2017-03-26 11:56:58,Accept,W_LiveChatTranscript.1047,2017-03-26 11:56:58,2017-03-26 11:56:58
W_LiveChatTranscriptEvent.21,W_Services_User.16,D,2016-11-10 13:40:47,Accept,W_LiveChatTranscript.921,2016-11-10 13:40:47,2016-11-10 13:40:47
W_LiveChatTranscriptEvent.22,W_Services_User.3,N,2017-03-28 07:03:37,Accept,W_LiveChatTranscript.1576,2017-03-28 07:03:37,2017-03-28 07:03:37
W_LiveChatTranscriptEvent.23,W_Services_User.6,Q,2017-03-07 06:10:10,Accept,W_LiveChatTranscript.1433,2017-03-07 06:10:10,2017-03-07 06:10:10
W_LiveChatTranscriptEvent.24,W_Services_User.14,U,2016-12-23 16:03:05,Accept,W_LiveChatTranscript.1017,2016-12-23 16:03:05,2016-12-23 16:03:05
W_LiveChatTranscriptEvent.25,W_Services_User.15,D,2016-12-01 04:56:36,Accept,W_LiveChatTranscript.1018,2016-12-01 04:56:36,2016-12-01 04:56:36
W_LiveChatTranscriptEvent.26,W_Services_User.18,P,2017-03-02 00:33:18,Accept,W_LiveChatTranscript.1551,2017-03-02 00:33:18,2017-03-02 00:33:18
W_LiveChatTranscriptEvent.27,W_Services_User.10,M,2017-02-25 11:15:28,Accept,W_LiveChatTranscript.970,2017-02-25 11:15:28,2017-02-25 11:15:28
W_LiveChatTranscriptEvent.28,W_Services_User.2,D,2016-10-05 20:33:43,Accept,W_LiveChatTranscript.1067,2016-10-05 20:33:43,2016-10-05 20:33:43
W_LiveChatTranscriptEvent.29,W_Services_User.18,I,2016-09-01 16:29:57,Accept,W_LiveChatTranscript.981,2016-09-01 16:29:57,2016-09-01 16:29:57
W_LiveChatTranscriptEvent.30,W_Services_User.11,V,2017-03-05 20:55:01,Accept,W_LiveChatTranscript.1404,2017-03-05 20:55:01,2017-03-05 20:55:01
W_LiveChatTranscriptEvent.31,W_Services_User.17,M,2016-06-06 14:27:43,Accept,W_LiveChatTranscript.771,2016-06-06 14:27:43,2016-06-06 14:27:43
W_LiveChatTranscriptEvent.32,W_Services_User.3,C,2016-08-13 09:44:32,Accept,W_LiveChatTranscript.1602,2016-08-13 09:44:32,2016-08-13 09:44:32
W_LiveChatTranscriptEvent.33,W_Services_User.16,I,2017-01-19 03:51:37,Accept,W_LiveChatTranscript.1772,2017-01-19 03:51:37,2017-01-19 03:51:37
W_LiveChatTranscriptEvent.34,W_Services_User.8,P,2016-08-03 01:03:40,Accept,W_LiveChatTranscript.356,2016-08-03 01:03:40,2016-08-03 01:03:40
W_LiveChatTranscriptEvent.35,W_Services_User.20,I,2016-06-27 00:26:40,Accept,W_LiveChatTranscript.1056,2016-06-27 00:26:40,2016-06-27 00:26:40
W_LiveChatTranscriptEvent.36,W_Services_User.14,F,2016-07-14 16:05:52,Accept,W_LiveChatTranscript.1145,2016-07-14 16:05:52,2016-07-14 16:05:52
W_LiveChatTranscriptEvent.37,W_Services_User.17,N,2016-11-21 23:11:15,Accept,W_LiveChatTranscript.2004,2016-11-21 23:11:15,2016-11-21 23:11:15
W_LiveChatTranscriptEvent.38,W_Services_User.6,U,2017-03-15 17:46:41,Accept,W_LiveChatTranscript.1503,2017-03-15 17:46:41,2017-03-15 17:46:41
W_LiveChatTranscriptEvent.39,W_Services_User.6,V,2016-06-21 16:09:34,Accept,W_LiveChatTranscript.990,2016-06-21 16:09:34,2016-06-21 16:09:34
W_LiveChatTranscriptEvent.40,W_Services_User.10,V,2016-09-28 00:58:28,Accept,W_LiveChatTranscript.497,2016-09-28 00:58:28,2016-09-28 00:58:28
W_LiveChatTranscriptEvent.41,W_Services_User.13,N,2017-01-08 23:37:32,Accept,W_LiveChatTranscript.1942,2017-01-08 23:37:32,2017-01-08 23:37:32
W_LiveChatTranscriptEvent.42,W_Services_User.18,V,2016-11-24 12:11:33,Accept,W_LiveChatTranscript.351,2016-11-24 12:11:33,2016-11-24 12:11:33
W_LiveChatTranscriptEvent.43,W_Services_User.18,C,2017-02-27 17:10:15,Accept,W_LiveChatTranscript.645,2017-02-27 17:10:15,2017-02-27 17:10:15
W_LiveChatTranscriptEvent.44,W_Services_User.8,M,2017-01-25 17:00:15,Accept,W_LiveChatTranscript.1423,2017-01-25 17:00:15,2017-01-25 17:00:15
W_LiveChatTranscriptEvent.45,W_Services_User.12,P,2016-09-08 03:26:56,Accept,W_LiveChatTranscript.480,2016-09-08 03:26:56,2016-09-08 03:26:56
W_LiveChatTranscriptEvent.46,W_Services_User.4,A,2017-03-21 18:30:07,Accept,W_LiveChatTranscript.897,2017-03-21 18:30:07,2017-03-21 18:30:07
W_LiveChatTranscriptEvent.47,W_Services_User.13,C,2017-03-04 05:10:40,Accept,W_LiveChatTranscript.1688,2017-03-04 05:10:40,2017-03-04 05:10:40
W_LiveChatTranscriptEvent.48,W_Services_User.4,D,2017-02-21 09:46:35,Accept,W_LiveChatTranscript.272,2017-02-21 09:46:35,2017-02-21 09:46:35
W_LiveChatTranscriptEvent.49,W_Services_User.19,E,2016-08-23 02:33:22,Accept,W_LiveChatTranscript.2110,2016-08-23 02:33:22,2016-08-23 02:33:22
W_LiveChatTranscriptEvent.50,W_Services_User.15,M,2016-09-24 02:43:29,Accept,W_LiveChatTranscript.1885,2016-09-24 02:43:29,2016-09-24 02:43:29
W_LiveChatTranscriptEvent.51,W_Services_User.8,V,2017-02-13 02:54:09,Accept,W_LiveChatTranscript.1867,2017-02-13 02:54:09,2017-02-13 02:54:09
W_LiveChatTranscriptEvent.52,W_Services_User.15,M,2017-01-01 22:21:24,Accept,W_LiveChatTranscript.79,2017-01-01 22:21:24,2017-01-01 22:21:24
W_LiveChatTranscriptEvent.53,W_Services_User.7,L,2016-08-10 10:16:20,Accept,W_LiveChatTranscript.667,2016-08-10 10:16:20,2016-08-10 10:16:20
W_LiveChatTranscriptEvent.54,W_Services_User.11,P,2016-11-17 12:13:25,Accept,W_LiveChatTranscript.1312,2016-11-17 12:13:25,2016-11-17 12:13:25
W_LiveChatTranscriptEvent.55,W_Services_User.5,A,2016-06-21 06:30:36,Accept,W_LiveChatTranscript.2179,2016-06-21 06:30:36,2016-06-21 06:30:36
W_LiveChatTranscriptEvent.56,W_Services_User.2,S,2016-12-23 10:38:45,Accept,W_LiveChatTranscript.857,2016-12-23 10:38:45,2016-12-23 10:38:45
W_LiveChatTranscriptEvent.57,W_Services_User.8,P,2017-03-05 18:15:30,Accept,W_LiveChatTranscript.1641,2017-03-05 18:15:30,2017-03-05 18:15:30
W_LiveChatTranscriptEvent.58,W_Services_User.12,D,2016-11-11 16:05:21,Accept,W_LiveChatTranscript.488,2016-11-11 16:05:21,2016-11-11 16:05:21
W_LiveChatTranscriptEvent.59,W_Services_User.8,F,2016-12-02 20:29:30,Accept,W_LiveChatTranscript.2209,2016-12-02 20:29:30,2016-12-02 20:29:30
W_LiveChatTranscriptEvent.60,W_Services_User.5,D,2016-06-22 01:12:26,Accept,W_LiveChatTranscript.2174,2016-06-22 01:12:26,2016-06-22 01:12:26
W_LiveChatTranscriptEvent.61,W_Services_User.6,N,2017-02-21 16:17:24,Accept,W_LiveChatTranscript.952,2017-02-21 16:17:24,2017-02-21 16:17:24
W_LiveChatTranscriptEvent.62,W_Services_User.15,F,2016-10-04 11:38:30,Accept,W_LiveChatTranscript.827,2016-10-04 11:38:30,2016-10-04 11:38:30
W_LiveChatTranscriptEvent.63,W_Services_User.17,M,2016-07-16 08:09:47,Accept,W_LiveChatTranscript.2107,2016-07-16 08:09:47,2016-07-16 08:09:47
W_LiveChatTranscriptEvent.64,W_Services_User.9,I,2016-08-21 07:01:22,Accept,W_LiveChatTranscript.1948,2016-08-21 07:01:22,2016-08-21 07:01:22
W_LiveChatTranscriptEvent.65,W_Services_User.3,V,2016-06-06 17:52:10,Accept,W_LiveChatTranscript.1458,2016-06-06 17:52:10,2016-06-06 17:52:10
W_LiveChatTranscriptEvent.66,W_Services_User.17,I,2016-11-13 16:48:35,Accept,W_LiveChatTranscript.2206,2016-11-13 16:48:35,2016-11-13 16:48:35
W_LiveChatTranscriptEvent.67,W_Services_User.17,A,2016-10-17 04:58:38,Accept,W_LiveChatTranscript.275,2016-10-17 04:58:38,2016-10-17 04:58:38
W_LiveChatTranscriptEvent.68,W_Services_User.2,P,2016-08-08 07:00:17,Accept,W_LiveChatTranscript.1465,2016-08-08 07:00:17,2016-08-08 07:00:17
W_LiveChatTranscriptEvent.69,W_Services_User.19,I,2016-08-16 05:05:45,Accept,W_LiveChatTranscript.1670,2016-08-16 05:05:45,2016-08-16 05:05:45
W_LiveChatTranscriptEvent.70,W_Services_User.8,N,2016-11-13 12:55:42,Accept,W_LiveChatTranscript.1901,2016-11-13 12:55:42,2016-11-13 12:55:42
W_LiveChatTranscriptEvent.71,W_Services_User.10,P,2017-03-24 04:19:38,Accept,W_LiveChatTranscript.2069,2017-03-24 04:19:38,2017-03-24 04:19:38
W_LiveChatTranscriptEvent.72,W_Services_User.11,E,2016-10-07 06:14:20,Accept,W_LiveChatTranscript.392,2016-10-07 06:14:20,2016-10-07 06:14:20
W_LiveChatTranscriptEvent.73,W_Services_User.6,F,2017-03-21 07:44:41,Accept,W_LiveChatTranscript.662,2017-03-21 07:44:41,2017-03-21 07:44:41
W_LiveChatTranscriptEvent.74,W_Services_User.13,M,2016-07-01 16:39:06,Accept,W_LiveChatTranscript.664,2016-07-01 16:39:06,2016-07-01 16:39:06
W_LiveChatTranscriptEvent.75,W_Services_User.10,Q,2016-09-03 12:16:57,Accept,W_LiveChatTranscript.2047,2016-09-03 12:16:57,2016-09-03 12:16:57
W_LiveChatTranscriptEvent.76,W_Services_User.14,P,2016-07-21 09:59:56,Accept,W_LiveChatTranscript.1362,2016-07-21 09:59:56,2016-07-21 09:59:56
W_LiveChatTranscriptEvent.77,W_Services_User.20,Q,2016-10-04 01:52:10,Accept,W_LiveChatTranscript.1622,2016-10-04 01:52:10,2016-10-04 01:52:10
W_LiveChatTranscriptEvent.78,W_Services_User.15,E,2017-02-20 09:56:04,Accept,W_LiveChatTranscript.1212,2017-02-20 09:56:04,2017-02-20 09:56:04
W_LiveChatTranscriptEvent.79,W_Services_User.17,M,2017-01-30 22:09:14,Accept,W_LiveChatTranscript.858,2017-01-30 22:09:14,2017-01-30 22:09:14
W_LiveChatTranscriptEvent.80,W_Services_User.11,S,2016-06-09 14:08:08,Accept,W_LiveChatTranscript.1651,2016-06-09 14:08:08,2016-06-09 14:08:08
W_LiveChatTranscriptEvent.81,W_Services_User.3,I,2016-06-02 09:20:08,Accept,W_LiveChatTranscript.1241,2016-06-02 09:20:08,2016-06-02 09:20:08
W_LiveChatTranscriptEvent.82,W_Services_User.16,Q,2017-02-11 14:02:36,Accept,W_LiveChatTranscript.373,2017-02-11 14:02:36,2017-02-11 14:02:36
W_LiveChatTranscriptEvent.83,W_Services_User.19,S,2016-11-09 15:00:08,Accept,W_LiveChatTranscript.2070,2016-11-09 15:00:08,2016-11-09 15:00:08
W_LiveChatTranscriptEvent.84,W_Services_User.18,V,2016-06-30 04:57:29,Accept,W_LiveChatTranscript.1356,2016-06-30 04:57:29,2016-06-30 04:57:29
W_LiveChatTranscriptEvent.85,W_Services_User.2,I,2016-07-20 18:32:00,Accept,W_LiveChatTranscript.1843,2016-07-20 18:32:00,2016-07-20 18:32:00
W_LiveChatTranscriptEvent.86,W_Services_User.8,D,2016-11-14 21:28:05,Accept,W_LiveChatTranscript.620,2016-11-14 21:28:05,2016-11-14 21:28:05
W_LiveChatTranscriptEvent.87,W_Services_User.9,N,2016-12-25 09:26:58,Accept,W_LiveChatTranscript.2191,2016-12-25 09:26:58,2016-12-25 09:26:58
W_LiveChatTranscriptEvent.88,W_Services_User.19,N,2017-01-30 18:46:24,Accept,W_LiveChatTranscript.1150,2017-01-30 18:46:24,2017-01-30 18:46:24
W_LiveChatTranscriptEvent.89,W_Services_User.1,P,2016-08-26 03:20:48,Accept,W_LiveChatTranscript.1525,2016-08-26 03:20:48,2016-08-26 03:20:48
W_LiveChatTranscriptEvent.90,W_Services_User.15,I,2016-06-09 21:49:03,Accept,W_LiveChatTranscript.1915,2016-06-09 21:49:03,2016-06-09 21:49:03
W_LiveChatTranscriptEvent.91,W_Services_User.16,N,2017-03-08 07:36:07,Accept,W_LiveChatTranscript.668,2017-03-08 07:36:07,2017-03-08 07:36:07
W_LiveChatTranscriptEvent.92,W_Services_User.13,N,2016-10-16 12:54:04,Accept,W_LiveChatTranscript.127,2016-10-16 12:54:04,2016-10-16 12:54:04
W_LiveChatTranscriptEvent.93,W_Services_User.1,I,2016-11-03 06:35:01,Accept,W_LiveChatTranscript.1712,2016-11-03 06:35:01,2016-11-03 06:35:01
W_LiveChatTranscriptEvent.94,W_Services_User.1,M,2016-06-17 17:12:39,Accept,W_LiveChatTranscript.1238,2016-06-17 17:12:39,2016-06-17 17:12:39
W_LiveChatTranscriptEvent.95,W_Services_User.17,C,2016-10-14 22:13:48,Accept,W_LiveChatTranscript.689,2016-10-14 22:13:48,2016-10-14 22:13:48
W_LiveChatTranscriptEvent.96,W_Services_User.15,N,2016-06-26 06:41:18,Accept,W_LiveChatTranscript.92,2016-06-26 06:41:18,2016-06-26 06:41:18
W_LiveChatTranscriptEvent.97,W_Services_User.11,P,2016-08-03 01:12:09,Accept,W_LiveChatTranscript.1223,2016-08-03 01:12:09,2016-08-03 01:12:09
W_LiveChatTranscriptEvent.98,W_Services_User.10,D,2017-01-17 07:01:13,Accept,W_LiveChatTranscript.261,2017-01-17 07:01:13,2017-01-17 07:01:13
W_LiveChatTranscriptEvent.99,W_Services_User.20,M,2016-09-18 05:18:43,Accept,W_LiveChatTranscript.586,2016-09-18 05:18:43,2016-09-18 05:18:43
W_LiveChatTranscriptEvent.100,W_Services_User.13,M,2017-03-25 19:13:36,Accept,W_LiveChatTranscript.1248,2017-03-25 19:13:36,2017-03-25 19:13:36
W_LiveChatTranscriptEvent.101,W_Services_User.7,D,2016-12-05 17:43:14,Accept,W_LiveChatTranscript.1758,2016-12-05 17:43:14,2016-12-05 17:43:14
W_LiveChatTranscriptEvent.102,W_Services_User.9,S,2016-06-21 04:16:10,Accept,W_LiveChatTranscript.618,2016-06-21 04:16:10,2016-06-21 04:16:10
W_LiveChatTranscriptEvent.103,W_Services_User.1,E,2017-03-16 13:28:51,Accept,W_LiveChatTranscript.1028,2017-03-16 13:28:51,2017-03-16 13:28:51
W_LiveChatTranscriptEvent.104,W_Services_User.3,D,2016-06-30 08:12:48,Accept,W_LiveChatTranscript.179,2016-06-30 08:12:48,2016-06-30 08:12:48
W_LiveChatTranscriptEvent.105,W_Services_User.13,D,2017-03-01 01:02:53,Accept,W_LiveChatTranscript.1299,2017-03-01 01:02:53,2017-03-01 01:02:53
W_LiveChatTranscriptEvent.106,W_Services_User.2,P,2016-11-04 11:55:55,Accept,W_LiveChatTranscript.947,2016-11-04 11:55:55,2016-11-04 11:55:55
W_LiveChatTranscriptEvent.107,W_Services_User.2,N,2016-08-25 19:05:52,Accept,W_LiveChatTranscript.2019,2016-08-25 19:05:52,2016-08-25 19:05:52
W_LiveChatTranscriptEvent.108,W_Services_User.20,M,2017-02-07 23:11:30,Accept,W_LiveChatTranscript.784,2017-02-07 23:11:30,2017-02-07 23:11:30
W_LiveChatTranscriptEvent.109,W_Services_User.9,P,2016-12-16 18:09:35,Accept,W_LiveChatTranscript.2127,2016-12-16 18:09:35,2016-12-16 18:09:35
W_LiveChatTranscriptEvent.110,W_Services_User.8,M,2017-03-08 18:53:52,Accept,W_LiveChatTranscript.2127,2017-03-08 18:53:52,2017-03-08 18:53:52
W_LiveChatTranscriptEvent.111,W_Services_User.17,E,2016-12-14 01:01:27,Accept,W_LiveChatTranscript.865,2016-12-14 01:01:27,2016-12-14 01:01:27
W_LiveChatTranscriptEvent.112,W_Services_User.10,D,2016-11-11 11:40:56,Accept,W_LiveChatTranscript.1054,2016-11-11 11:40:56,2016-11-11 11:40:56
W_LiveChatTranscriptEvent.113,W_Services_User.8,M,2016-07-19 12:49:18,Accept,W_LiveChatTranscript.382,2016-07-19 12:49:18,2016-07-19 12:49:18
W_LiveChatTranscriptEvent.114,W_Services_User.4,I,2017-01-30 16:02:53,Accept,W_LiveChatTranscript.31,2017-01-30 16:02:53,2017-01-30 16:02:53
W_LiveChatTranscriptEvent.115,W_Services_User.19,N,2017-03-16 15:01:09,Accept,W_LiveChatTranscript.1366,2017-03-16 15:01:09,2017-03-16 15:01:09
W_LiveChatTranscriptEvent.116,W_Services_User.20,V,2016-08-04 14:28:23,Accept,W_LiveChatTranscript.25,2016-08-04 14:28:23,2016-08-04 14:28:23
W_LiveChatTranscriptEvent.117,W_Services_User.9,I,2017-03-08 00:13:00,Accept,W_LiveChatTranscript.1533,2017-03-08 00:13:00,2017-03-08 00:13:00
W_LiveChatTranscriptEvent.118,W_Services_User.14,M,2016-07-03 03:45:13,Accept,W_LiveChatTranscript.1572,2016-07-03 03:45:13,2016-07-03 03:45:13
W_LiveChatTranscriptEvent.119,W_Services_User.12,N,2016-08-20 02:44:28,Accept,W_LiveChatTranscript.1005,2016-08-20 02:44:28,2016-08-20 02:44:28
W_LiveChatTranscriptEvent.120,W_Services_User.15,V,2016-12-25 11:23:08,Accept,W_LiveChatTranscript.1862,2016-12-25 11:23:08,2016-12-25 11:23:08
W_LiveChatTranscriptEvent.121,W_Services_User.5,S,2016-10-26 23:58:09,Accept,W_LiveChatTranscript.1554,2016-10-26 23:58:09,2016-10-26 23:58:09
W_LiveChatTranscriptEvent.122,W_Services_User.3,U,2016-07-04 13:33:07,Accept,W_LiveChatTranscript.1409,2016-07-04 13:33:07,2016-07-04 13:33:07
W_LiveChatTranscriptEvent.123,W_Services_User.4,P,2016-09-21 08:42:46,Accept,W_LiveChatTranscript.587,2016-09-21 08:42:46,2016-09-21 08:42:46
W_LiveChatTranscriptEvent.124,W_Services_User.12,P,2016-09-07 11:27:14,Accept,W_LiveChatTranscript.1542,2016-09-07 11:27:14,2016-09-07 11:27:14
W_LiveChatTranscriptEvent.125,W_Services_User.19,D,2016-06-26 08:22:42,Accept,W_LiveChatTranscript.14,2016-06-26 08:22:42,2016-06-26 08:22:42
W_LiveChatTranscriptEvent.126,W_Services_User.2,C,2016-12-22 16:43:33,Accept,W_LiveChatTranscript.1282,2016-12-22 16:43:33,2016-12-22 16:43:33
W_LiveChatTranscriptEvent.127,W_Services_User.16,D,2016-11-20 16:51:06,Accept,W_LiveChatTranscript.459,2016-11-20 16:51:06,2016-11-20 16:51:06
W_LiveChatTranscriptEvent.128,W_Services_User.18,C,2016-11-26 15:51:16,Accept,W_LiveChatTranscript.241,2016-11-26 15:51:16,2016-11-26 15:51:16
W_LiveChatTranscriptEvent.129,W_Services_User.20,C,2016-11-01 03:56:26,Accept,W_LiveChatTranscript.753,2016-11-01 03:56:26,2016-11-01 03:56:26
W_LiveChatTranscriptEvent.130,W_Services_User.5,N,2016-12-24 04:12:01,Accept,W_LiveChatTranscript.619,2016-12-24 04:12:01,2016-12-24 04:12:01
W_LiveChatTranscriptEvent.131,W_Services_User.4,P,2017-02-25 03:13:49,Accept,W_LiveChatTranscript.2254,2017-02-25 03:13:49,2017-02-25 03:13:49
W_LiveChatTranscriptEvent.132,W_Services_User.19,N,2016-09-21 12:08:37,Accept,W_LiveChatTranscript.1689,2016-09-21 12:08:37,2016-09-21 12:08:37
W_LiveChatTranscriptEvent.133,W_Services_User.3,P,2016-09-10 09:58:42,Accept,W_LiveChatTranscript.271,2016-09-10 09:58:42,2016-09-10 09:58:42
W_LiveChatTranscriptEvent.134,W_Services_User.9,E,2016-12-27 02:16:27,Accept,W_LiveChatTranscript.1529,2016-12-27 02:16:27,2016-12-27 02:16:27
W_LiveChatTranscriptEvent.135,W_Services_User.1,I,2016-07-06 19:52:10,Accept,W_LiveChatTranscript.1093,2016-07-06 19:52:10,2016-07-06 19:52:10
W_LiveChatTranscriptEvent.136,W_Services_User.13,V,2016-12-31 03:20:05,Accept,W_LiveChatTranscript.1465,2016-12-31 03:20:05,2016-12-31 03:20:05
W_LiveChatTranscriptEvent.137,W_Services_User.4,D,2016-08-26 20:53:42,Accept,W_LiveChatTranscript.182,2016-08-26 20:53:42,2016-08-26 20:53:42
W_LiveChatTranscriptEvent.138,W_Services_User.4,M,2016-11-03 07:33:53,Accept,W_LiveChatTranscript.1291,2016-11-03 07:33:53,2016-11-03 07:33:53
W_LiveChatTranscriptEvent.139,W_Services_User.3,S,2017-01-18 21:16:32,Accept,W_LiveChatTranscript.919,2017-01-18 21:16:32,2017-01-18 21:16:32
W_LiveChatTranscriptEvent.140,W_Services_User.6,V,2016-11-26 04:30:29,Accept,W_LiveChatTranscript.86,2016-11-26 04:30:29,2016-11-26 04:30:29
W_LiveChatTranscriptEvent.141,W_Services_User.16,C,2017-01-30 07:27:12,Accept,W_LiveChatTranscript.696,2017-01-30 07:27:12,2017-01-30 07:27:12
W_LiveChatTranscriptEvent.142,W_Services_User.17,N,2017-01-17 09:20:48,Accept,W_LiveChatTranscript.1602,2017-01-17 09:20:48,2017-01-17 09:20:48
W_LiveChatTranscriptEvent.143,W_Services_User.19,V,2016-12-02 04:09:20,Accept,W_LiveChatTranscript.581,2016-12-02 04:09:20,2016-12-02 04:09:20
W_LiveChatTranscriptEvent.144,W_Services_User.12,P,2016-10-25 08:54:40,Accept,W_LiveChatTranscript.1668,2016-10-25 08:54:40,2016-10-25 08:54:40
W_LiveChatTranscriptEvent.145,W_Services_User.9,I,2016-11-09 18:52:43,Accept,W_LiveChatTranscript.1412,2016-11-09 18:52:43,2016-11-09 18:52:43
W_LiveChatTranscriptEvent.146,W_Services_User.6,A,2016-09-03 23:31:07,Accept,W_LiveChatTranscript.1663,2016-09-03 23:31:07,2016-09-03 23:31:07
W_LiveChatTranscriptEvent.147,W_Services_User.16,P,2016-06-03 07:54:44,Accept,W_LiveChatTranscript.2060,2016-06-03 07:54:44,2016-06-03 07:54:44
W_LiveChatTranscriptEvent.148,W_Services_User.11,N,2016-08-16 05:08:08,Accept,W_LiveChatTranscript.2031,2016-08-16 05:08:08,2016-08-16 05:08:08
W_LiveChatTranscriptEvent.149,W_Services_User.3,P,2016-09-26 17:23:41,Accept,W_LiveChatTranscript.943,2016-09-26 17:23:41,2016-09-26 17:23:41
W_LiveChatTranscriptEvent.150,W_Services_User.4,D,2016-12-22 12:38:25,Accept,W_LiveChatTranscript.1595,2016-12-22 12:38:25,2016-12-22 12:38:25
W_LiveChatTranscriptEvent.151,W_Services_User.10,M,2017-01-10 02:50:34,Accept,W_LiveChatTranscript.31,2017-01-10 02:50:34,2017-01-10 02:50:34
W_LiveChatTranscriptEvent.152,W_Services_User.1,P,2016-06-04 12:54:52,Accept,W_LiveChatTranscript.2036,2016-06-04 12:54:52,2016-06-04 12:54:52
W_LiveChatTranscriptEvent.153,W_Services_User.9,I,2016-11-22 04:16:48,Accept,W_LiveChatTranscript.459,2016-11-22 04:16:48,2016-11-22 04:16:48
W_LiveChatTranscriptEvent.154,W_Services_User.10,D,2017-02-12 13:25:55,Accept,W_LiveChatTranscript.819,2017-02-12 13:25:55,2017-02-12 13:25:55
W_LiveChatTranscriptEvent.155,W_Services_User.9,P,2016-12-08 20:24:12,Accept,W_LiveChatTranscript.311,2016-12-08 20:24:12,2016-12-08 20:24:12
W_LiveChatTranscriptEvent.156,W_Services_User.18,M,2016-10-27 02:22:06,Accept,W_LiveChatTranscript.818,2016-10-27 02:22:06,2016-10-27 02:22:06
W_LiveChatTranscriptEvent.157,W_Services_User.3,P,2016-12-31 00:40:02,Accept,W_LiveChatTranscript.1393,2016-12-31 00:40:02,2016-12-31 00:40:02
W_LiveChatTranscriptEvent.158,W_Services_User.13,D,2016-12-11 22:55:43,Accept,W_LiveChatTranscript.496,2016-12-11 22:55:43,2016-12-11 22:55:43
W_LiveChatTranscriptEvent.159,W_Services_User.16,N,2016-11-23 15:18:58,Accept,W_LiveChatTranscript.507,2016-11-23 15:18:58,2016-11-23 15:18:58
W_LiveChatTranscriptEvent.160,W_Services_User.15,N,2016-08-31 06:44:48,Accept,W_LiveChatTranscript.1937,2016-08-31 06:44:48,2016-08-31 06:44:48
W_LiveChatTranscriptEvent.161,W_Services_User.5,D,2017-01-02 04:33:17,Accept,W_LiveChatTranscript.431,2017-01-02 04:33:17,2017-01-02 04:33:17
W_LiveChatTranscriptEvent.162,W_Services_User.20,N,2016-09-26 08:53:11,Accept,W_LiveChatTranscript.549,2016-09-26 08:53:11,2016-09-26 08:53:11
W_LiveChatTranscriptEvent.163,W_Services_User.18,N,2016-07-15 00:02:07,Accept,W_LiveChatTranscript.875,2016-07-15 00:02:07,2016-07-15 00:02:07
W_LiveChatTranscriptEvent.164,W_Services_User.18,M,2016-09-30 03:51:24,Accept,W_LiveChatTranscript.1912,2016-09-30 03:51:24,2016-09-30 03:51:24
W_LiveChatTranscriptEvent.165,W_Services_User.6,I,2016-07-03 12:53:34,Accept,W_LiveChatTranscript.1362,2016-07-03 12:53:34,2016-07-03 12:53:34
W_LiveChatTranscriptEvent.166,W_Services_User.12,N,2016-10-27 15:32:37,Accept,W_LiveChatTranscript.2094,2016-10-27 15:32:37,2016-10-27 15:32:37
W_LiveChatTranscriptEvent.167,W_Services_User.6,P,2016-06-30 14:48:11,Accept,W_LiveChatTranscript.1745,2016-06-30 14:48:11,2016-06-30 14:48:11
W_LiveChatTranscriptEvent.168,W_Services_User.20,D,2017-02-20 13:11:50,Accept,W_LiveChatTranscript.878,2017-02-20 13:11:50,2017-02-20 13:11:50
W_LiveChatTranscriptEvent.169,W_Services_User.9,V,2017-02-13 15:20:52,Accept,W_LiveChatTranscript.1135,2017-02-13 15:20:52,2017-02-13 15:20:52
W_LiveChatTranscriptEvent.170,W_Services_User.8,D,2016-06-11 12:30:23,Accept,W_LiveChatTranscript.1090,2016-06-11 12:30:23,2016-06-11 12:30:23
W_LiveChatTranscriptEvent.171,W_Services_User.4,A,2017-01-10 21:03:35,Accept,W_LiveChatTranscript.602,2017-01-10 21:03:35,2017-01-10 21:03:35
W_LiveChatTranscriptEvent.172,W_Services_User.6,D,2016-12-23 22:02:14,Accept,W_LiveChatTranscript.36,2016-12-23 22:02:14,2016-12-23 22:02:14
W_LiveChatTranscriptEvent.173,W_Services_User.2,F,2017-01-02 22:00:44,Accept,W_LiveChatTranscript.218,2017-01-02 22:00:44,2017-01-02 22:00:44
W_LiveChatTranscriptEvent.174,W_Services_User.13,P,2017-03-11 01:58:05,Accept,W_LiveChatTranscript.1062,2017-03-11 01:58:05,2017-03-11 01:58:05
W_LiveChatTranscriptEvent.175,W_Services_User.20,U,2016-07-27 19:14:58,Accept,W_LiveChatTranscript.2092,2016-07-27 19:14:58,2016-07-27 19:14:58
W_LiveChatTranscriptEvent.176,W_Services_User.6,S,2016-09-14 22:12:36,Accept,W_LiveChatTranscript.63,2016-09-14 22:12:36,2016-09-14 22:12:36
W_LiveChatTranscriptEvent.177,W_Services_User.11,E,2017-02-19 14:45:11,Accept,W_LiveChatTranscript.175,2017-02-19 14:45:11,2017-02-19 14:45:11
W_LiveChatTranscriptEvent.178,W_Services_User.15,V,2016-09-30 12:02:26,Accept,W_LiveChatTranscript.1783,2016-09-30 12:02:26,2016-09-30 12:02:26
W_LiveChatTranscriptEvent.179,W_Services_User.1,F,2016-10-18 04:05:49,Accept,W_LiveChatTranscript.1209,2016-10-18 04:05:49,2016-10-18 04:05:49
W_LiveChatTranscriptEvent.180,W_Services_User.12,F,2016-12-19 12:40:18,Accept,W_LiveChatTranscript.271,2016-12-19 12:40:18,2016-12-19 12:40:18
W_LiveChatTranscriptEvent.181,W_Services_User.7,S,2016-11-30 23:41:12,Accept,W_LiveChatTranscript.92,2016-11-30 23:41:12,2016-11-30 23:41:12
W_LiveChatTranscriptEvent.182,W_Services_User.7,S,2016-08-08 07:06:14,Accept,W_LiveChatTranscript.235,2016-08-08 07:06:14,2016-08-08 07:06:14
W_LiveChatTranscriptEvent.183,W_Services_User.19,U,2016-10-01 22:29:42,Accept,W_LiveChatTranscript.1992,2016-10-01 22:29:42,2016-10-01 22:29:42
W_LiveChatTranscriptEvent.184,W_Services_User.5,N,2016-06-26 14:50:52,Accept,W_LiveChatTranscript.244,2016-06-26 14:50:52,2016-06-26 14:50:52
W_LiveChatTranscriptEvent.185,W_Services_User.2,I,2017-01-13 09:07:37,Accept,W_LiveChatTranscript.1485,2017-01-13 09:07:37,2017-01-13 09:07:37
W_LiveChatTranscriptEvent.186,W_Services_User.18,N,2016-11-01 04:14:08,Accept,W_LiveChatTranscript.1375,2016-11-01 04:14:08,2016-11-01 04:14:08
W_LiveChatTranscriptEvent.187,W_Services_User.6,M,2017-03-17 06:06:13,Accept,W_LiveChatTranscript.1552,2017-03-17 06:06:13,2017-03-17 06:06:13
W_LiveChatTranscriptEvent.188,W_Services_User.7,M,2016-07-15 15:16:52,Accept,W_LiveChatTranscript.1299,2016-07-15 15:16:52,2016-07-15 15:16:52
W_LiveChatTranscriptEvent.189,W_Services_User.15,P,2016-08-08 07:54:23,Accept,W_LiveChatTranscript.1031,2016-08-08 07:54:23,2016-08-08 07:54:23
W_LiveChatTranscriptEvent.190,W_Services_User.5,U,2016-08-21 18:18:10,Accept,W_LiveChatTranscript.1855,2016-08-21 18:18:10,2016-08-21 18:18:10
W_LiveChatTranscriptEvent.191,W_Services_User.11,N,2017-02-27 16:48:09,Accept,W_LiveChatTranscript.1385,2017-02-27 16:48:09,2017-02-27 16:48:09
W_LiveChatTranscriptEvent.192,W_Services_User.17,M,2016-12-10 09:37:18,Accept,W_LiveChatTranscript.15,2016-12-10 09:37:18,2016-12-10 09:37:18
W_LiveChatTranscriptEvent.193,W_Services_User.16,A,2017-01-22 22:23:38,Accept,W_LiveChatTranscript.539,2017-01-22 22:23:38,2017-01-22 22:23:38
W_LiveChatTranscriptEvent.194,W_Services_User.13,P,2016-12-17 01:17:01,Accept,W_LiveChatTranscript.1875,2016-12-17 01:17:01,2016-12-17 01:17:01
W_LiveChatTranscriptEvent.195,W_Services_User.6,F,2016-09-22 21:22:55,Accept,W_LiveChatTranscript.783,2016-09-22 21:22:55,2016-09-22 21:22:55
W_LiveChatTranscriptEvent.196,W_Services_User.6,M,2017-02-26 13:51:13,Accept,W_LiveChatTranscript.1272,2017-02-26 13:51:13,2017-02-26 13:51:13
W_LiveChatTranscriptEvent.197,W_Services_User.7,A,2017-02-08 07:43:44,Accept,W_LiveChatTranscript.1947,2017-02-08 07:43:44,2017-02-08 07:43:44
W_LiveChatTranscriptEvent.198,W_Services_User.16,F,2017-01-06 07:58:16,Accept,W_LiveChatTranscript.213,2017-01-06 07:58:16,2017-01-06 07:58:16
W_LiveChatTranscriptEvent.199,W_Services_User.16,D,2016-12-08 15:24:08,Accept,W_LiveChatTranscript.973,2016-12-08 15:24:08,2016-12-08 15:24:08
W_LiveChatTranscriptEvent.200,W_Services_User.20,A,2016-07-11 21:17:47,Accept,W_LiveChatTranscript.1157,2016-07-11 21:17:47,2016-07-11 21:17:47
W_LiveChatTranscriptEvent.201,W_Services_User.14,D,2017-02-20 07:57:05,Accept,W_LiveChatTranscript.1173,2017-02-20 07:57:05,2017-02-20 07:57:05
W_LiveChatTranscriptEvent.202,W_Services_User.7,M,2016-08-07 09:26:03,Accept,W_LiveChatTranscript.1719,2016-08-07 09:26:03,2016-08-07 09:26:03
W_LiveChatTranscriptEvent.203,W_Services_User.20,M,2016-09-19 12:32:11,Accept,W_LiveChatTranscript.45,2016-09-19 12:32:11,2016-09-19 12:32:11
W_LiveChatTranscriptEvent.204,W_Services_User.2,S,2017-02-24 17:46:40,Accept,W_LiveChatTranscript.124,2017-02-24 17:46:40,2017-02-24 17:46:40
W_LiveChatTranscriptEvent.205,W_Services_User.20,P,2016-12-08 15:42:47,Accept,W_LiveChatTranscript.1273,2016-12-08 15:42:47,2016-12-08 15:42:47
W_LiveChatTranscriptEvent.206,W_Services_User.9,N,2016-09-16 10:40:07,Accept,W_LiveChatTranscript.2234,2016-09-16 10:40:07,2016-09-16 10:40:07
W_LiveChatTranscriptEvent.207,W_Services_User.15,D,2016-08-18 22:23:08,Accept,W_LiveChatTranscript.162,2016-08-18 22:23:08,2016-08-18 22:23:08
W_LiveChatTranscriptEvent.208,W_Services_User.5,D,2016-11-19 02:40:26,Accept,W_LiveChatTranscript.1955,2016-11-19 02:40:26,2016-11-19 02:40:26
W_LiveChatTranscriptEvent.209,W_Services_User.2,N,2016-09-18 23:39:17,Accept,W_LiveChatTranscript.2226,2016-09-18 23:39:17,2016-09-18 23:39:17
W_LiveChatTranscriptEvent.210,W_Services_User.9,C,2016-11-18 14:02:11,Accept,W_LiveChatTranscript.977,2016-11-18 14:02:11,2016-11-18 14:02:11
W_LiveChatTranscriptEvent.211,W_Services_User.4,S,2016-06-24 05:19:21,Accept,W_LiveChatTranscript.1095,2016-06-24 05:19:21,2016-06-24 05:19:21
W_LiveChatTranscriptEvent.212,W_Services_User.9,N,2017-01-20 13:07:01,Accept,W_LiveChatTranscript.1903,2017-01-20 13:07:01,2017-01-20 13:07:01
W_LiveChatTranscriptEvent.213,W_Services_User.17,M,2016-12-11 18:18:29,Accept,W_LiveChatTranscript.2287,2016-12-11 18:18:29,2016-12-11 18:18:29
W_LiveChatTranscriptEvent.214,W_Services_User.19,N,2016-07-20 13:08:00,Accept,W_LiveChatTranscript.2283,2016-07-20 13:08:00,2016-07-20 13:08:00
W_LiveChatTranscriptEvent.215,W_Services_User.9,P,2016-10-18 02:15:21,Accept,W_LiveChatTranscript.988,2016-10-18 02:15:21,2016-10-18 02:15:21
W_LiveChatTranscriptEvent.216,W_Services_User.18,C,2017-01-03 21:34:51,Accept,W_LiveChatTranscript.108,2017-01-03 21:34:51,2017-01-03 21:34:51
W_LiveChatTranscriptEvent.217,W_Services_User.3,M,2016-08-13 17:37:57,Accept,W_LiveChatTranscript.1740,2016-08-13 17:37:57,2016-08-13 17:37:57
W_LiveChatTranscriptEvent.218,W_Services_User.5,N,2016-12-22 19:21:54,Accept,W_LiveChatTranscript.1242,2016-12-22 19:21:54,2016-12-22 19:21:54
W_LiveChatTranscriptEvent.219,W_Services_User.14,S,2016-10-18 12:13:32,Accept,W_LiveChatTranscript.1461,2016-10-18 12:13:32,2016-10-18 12:13:32
W_LiveChatTranscriptEvent.220,W_Services_User.3,S,2016-07-31 08:26:37,Accept,W_LiveChatTranscript.866,2016-07-31 08:26:37,2016-07-31 08:26:37
W_LiveChatTranscriptEvent.221,W_Services_User.9,P,2016-09-11 20:38:51,Accept,W_LiveChatTranscript.226,2016-09-11 20:38:51,2016-09-11 20:38:51
W_LiveChatTranscriptEvent.222,W_Services_User.5,S,2017-03-07 01:55:53,Accept,W_LiveChatTranscript.742,2017-03-07 01:55:53,2017-03-07 01:55:53
W_LiveChatTranscriptEvent.223,W_Services_User.18,D,2016-07-25 22:09:57,Accept,W_LiveChatTranscript.2033,2016-07-25 22:09:57,2016-07-25 22:09:57
W_LiveChatTranscriptEvent.224,W_Services_User.19,M,2017-03-12 18:27:01,Accept,W_LiveChatTranscript.421,2017-03-12 18:27:01,2017-03-12 18:27:01
W_LiveChatTranscriptEvent.225,W_Services_User.11,P,2016-06-22 15:49:56,Accept,W_LiveChatTranscript.515,2016-06-22 15:49:56,2016-06-22 15:49:56
W_LiveChatTranscriptEvent.226,W_Services_User.10,I,2016-12-10 00:55:07,Accept,W_LiveChatTranscript.770,2016-12-10 00:55:07,2016-12-10 00:55:07
W_LiveChatTranscriptEvent.227,W_Services_User.1,N,2016-10-02 07:16:06,Accept,W_LiveChatTranscript.59,2016-10-02 07:16:06,2016-10-02 07:16:06
W_LiveChatTranscriptEvent.228,W_Services_User.6,F,2016-09-07 00:20:43,Accept,W_LiveChatTranscript.1924,2016-09-07 00:20:43,2016-09-07 00:20:43
W_LiveChatTranscriptEvent.229,W_Services_User.3,D,2016-11-18 21:54:25,Accept,W_LiveChatTranscript.1918,2016-11-18 21:54:25,2016-11-18 21:54:25
W_LiveChatTranscriptEvent.230,W_Services_User.15,N,2017-01-26 01:01:40,Accept,W_LiveChatTranscript.1560,2017-01-26 01:01:40,2017-01-26 01:01:40
W_LiveChatTranscriptEvent.231,W_Services_User.4,V,2016-07-26 02:08:59,Accept,W_LiveChatTranscript.860,2016-07-26 02:08:59,2016-07-26 02:08:59
W_LiveChatTranscriptEvent.232,W_Services_User.12,M,2017-03-25 20:18:29,Accept,W_LiveChatTranscript.752,2017-03-25 20:18:29,2017-03-25 20:18:29
W_LiveChatTranscriptEvent.233,W_Services_User.18,I,2016-06-30 08:32:33,Accept,W_LiveChatTranscript.945,2016-06-30 08:32:33,2016-06-30 08:32:33
W_LiveChatTranscriptEvent.234,W_Services_User.7,C,2016-12-01 08:32:51,Accept,W_LiveChatTranscript.1301,2016-12-01 08:32:51,2016-12-01 08:32:51
W_LiveChatTranscriptEvent.235,W_Services_User.9,M,2016-12-10 08:07:56,Accept,W_LiveChatTranscript.1273,2016-12-10 08:07:56,2016-12-10 08:07:56
W_LiveChatTranscriptEvent.236,W_Services_User.14,N,2017-01-22 10:18:02,Accept,W_LiveChatTranscript.155,2017-01-22 10:18:02,2017-01-22 10:18:02
W_LiveChatTranscriptEvent.237,W_Services_User.13,L,2016-10-30 05:30:08,Accept,W_LiveChatTranscript.555,2016-10-30 05:30:08,2016-10-30 05:30:08
W_LiveChatTranscriptEvent.238,W_Services_User.7,M,2016-11-11 01:22:59,Accept,W_LiveChatTranscript.1912,2016-11-11 01:22:59,2016-11-11 01:22:59
W_LiveChatTranscriptEvent.239,W_Services_User.17,D,2017-02-19 02:39:00,Accept,W_LiveChatTranscript.1210,2017-02-19 02:39:00,2017-02-19 02:39:00
W_LiveChatTranscriptEvent.240,W_Services_User.4,M,2016-12-15 08:47:15,Accept,W_LiveChatTranscript.1445,2016-12-15 08:47:15,2016-12-15 08:47:15
W_LiveChatTranscriptEvent.241,W_Services_User.12,P,2016-08-30 09:42:54,Accept,W_LiveChatTranscript.1775,2016-08-30 09:42:54,2016-08-30 09:42:54
W_LiveChatTranscriptEvent.242,W_Services_User.7,A,2016-08-09 08:23:16,Accept,W_LiveChatTranscript.235,2016-08-09 08:23:16,2016-08-09 08:23:16
W_LiveChatTranscriptEvent.243,W_Services_User.7,D,2016-11-26 16:09:15,Accept,W_LiveChatTranscript.1455,2016-11-26 16:09:15,2016-11-26 16:09:15
W_LiveChatTranscriptEvent.244,W_Services_User.6,N,2016-09-16 08:27:09,Accept,W_LiveChatTranscript.2100,2016-09-16 08:27:09,2016-09-16 08:27:09
W_LiveChatTranscriptEvent.245,W_Services_User.2,M,2016-09-07 07:44:29,Accept,W_LiveChatTranscript.1961,2016-09-07 07:44:29,2016-09-07 07:44:29
W_LiveChatTranscriptEvent.246,W_Services_User.6,V,2016-11-17 08:46:07,Accept,W_LiveChatTranscript.1136,2016-11-17 08:46:07,2016-11-17 08:46:07
W_LiveChatTranscriptEvent.247,W_Services_User.10,P,2016-11-03 11:53:38,Accept,W_LiveChatTranscript.940,2016-11-03 11:53:38,2016-11-03 11:53:38
W_LiveChatTranscriptEvent.248,W_Services_User.13,M,2016-10-31 03:18:02,Accept,W_LiveChatTranscript.1716,2016-10-31 03:18:02,2016-10-31 03:18:02
W_LiveChatTranscriptEvent.249,W_Services_User.18,N,2016-09-06 03:40:55,Accept,W_LiveChatTranscript.170,2016-09-06 03:40:55,2016-09-06 03:40:55
W_LiveChatTranscriptEvent.250,W_Services_User.1,V,2016-08-07 10:54:14,Accept,W_LiveChatTranscript.805,2016-08-07 10:54:14,2016-08-07 10:54:14
W_LiveChatTranscriptEvent.251,W_Services_User.7,C,2016-08-16 15:23:13,Accept,W_LiveChatTranscript.1879,2016-08-16 15:23:13,2016-08-16 15:23:13
W_LiveChatTranscriptEvent.252,W_Services_User.11,N,2016-11-15 01:13:43,Accept,W_LiveChatTranscript.2055,2016-11-15 01:13:43,2016-11-15 01:13:43
W_LiveChatTranscriptEvent.253,W_Services_User.10,N,2016-10-09 16:55:03,Accept,W_LiveChatTranscript.406,2016-10-09 16:55:03,2016-10-09 16:55:03
W_LiveChatTranscriptEvent.254,W_Services_User.20,N,2017-01-13 00:41:25,Accept,W_LiveChatTranscript.111,2017-01-13 00:41:25,2017-01-13 00:41:25
W_LiveChatTranscriptEvent.255,W_Services_User.10,V,2016-12-06 03:47:04,Accept,W_LiveChatTranscript.2065,2016-12-06 03:47:04,2016-12-06 03:47:04
W_LiveChatTranscriptEvent.256,W_Services_User.7,A,2016-07-31 11:54:33,Accept,W_LiveChatTranscript.588,2016-07-31 11:54:33,2016-07-31 11:54:33
W_LiveChatTranscriptEvent.257,W_Services_User.12,P,2016-06-06 00:41:55,Accept,W_LiveChatTranscript.660,2016-06-06 00:41:55,2016-06-06 00:41:55
W_LiveChatTranscriptEvent.258,W_Services_User.13,S,2016-06-29 12:04:15,Accept,W_LiveChatTranscript.1368,2016-06-29 12:04:15,2016-06-29 12:04:15
W_LiveChatTranscriptEvent.259,W_Services_User.2,V,2017-03-18 07:47:34,Accept,W_LiveChatTranscript.2042,2017-03-18 07:47:34,2017-03-18 07:47:34
W_LiveChatTranscriptEvent.260,W_Services_User.7,D,2017-01-28 11:55:20,Accept,W_LiveChatTranscript.166,2017-01-28 11:55:20,2017-01-28 11:55:20
W_LiveChatTranscriptEvent.261,W_Services_User.16,N,2016-12-12 19:00:56,Accept,W_LiveChatTranscript.1501,2016-12-12 19:00:56,2016-12-12 19:00:56
W_LiveChatTranscriptEvent.262,W_Services_User.1,M,2017-03-26 02:24:32,Accept,W_LiveChatTranscript.1269,2017-03-26 02:24:32,2017-03-26 02:24:32
W_LiveChatTranscriptEvent.263,W_Services_User.20,P,2016-12-31 07:01:49,Accept,W_LiveChatTranscript.1509,2016-12-31 07:01:49,2016-12-31 07:01:49
W_LiveChatTranscriptEvent.264,W_Services_User.3,C,2017-01-27 10:13:28,Accept,W_LiveChatTranscript.1179,2017-01-27 10:13:28,2017-01-27 10:13:28
W_LiveChatTranscriptEvent.265,W_Services_User.18,V,2017-01-25 15:37:52,Accept,W_LiveChatTranscript.540,2017-01-25 15:37:52,2017-01-25 15:37:52
W_LiveChatTranscriptEvent.266,W_Services_User.11,I,2016-09-09 23:19:59,Accept,W_LiveChatTranscript.1462,2016-09-09 23:19:59,2016-09-09 23:19:59
W_LiveChatTranscriptEvent.267,W_Services_User.16,N,2016-08-16 17:46:11,Accept,W_LiveChatTranscript.1789,2016-08-16 17:46:11,2016-08-16 17:46:11
W_LiveChatTranscriptEvent.268,W_Services_User.17,I,2016-12-08 01:39:00,Accept,W_LiveChatTranscript.893,2016-12-08 01:39:00,2016-12-08 01:39:00
W_LiveChatTranscriptEvent.269,W_Services_User.16,V,2016-09-09 07:50:18,Accept,W_LiveChatTranscript.2069,2016-09-09 07:50:18,2016-09-09 07:50:18
W_LiveChatTranscriptEvent.270,W_Services_User.6,N,2016-12-17 08:16:37,Accept,W_LiveChatTranscript.1789,2016-12-17 08:16:37,2016-12-17 08:16:37
W_LiveChatTranscriptEvent.271,W_Services_User.14,N,2017-02-15 02:41:23,Accept,W_LiveChatTranscript.781,2017-02-15 02:41:23,2017-02-15 02:41:23
W_LiveChatTranscriptEvent.272,W_Services_User.15,E,2016-09-20 06:02:28,Accept,W_LiveChatTranscript.351,2016-09-20 06:02:28,2016-09-20 06:02:28
W_LiveChatTranscriptEvent.273,W_Services_User.6,P,2017-03-28 22:16:40,Accept,W_LiveChatTranscript.1100,2017-03-28 22:16:40,2017-03-28 22:16:40
W_LiveChatTranscriptEvent.274,W_Services_User.6,D,2016-06-07 17:33:31,Accept,W_LiveChatTranscript.2228,2016-06-07 17:33:31,2016-06-07 17:33:31
W_LiveChatTranscriptEvent.275,W_Services_User.1,N,2016-08-29 06:58:52,Accept,W_LiveChatTranscript.1109,2016-08-29 06:58:52,2016-08-29 06:58:52
W_LiveChatTranscriptEvent.276,W_Services_User.20,P,2016-07-11 09:19:35,Accept,W_LiveChatTranscript.385,2016-07-11 09:19:35,2016-07-11 09:19:35
W_LiveChatTranscriptEvent.277,W_Services_User.16,D,2016-09-24 11:06:03,Accept,W_LiveChatTranscript.9,2016-09-24 11:06:03,2016-09-24 11:06:03
W_LiveChatTranscriptEvent.278,W_Services_User.11,A,2017-03-11 04:28:03,Accept,W_LiveChatTranscript.734,2017-03-11 04:28:03,2017-03-11 04:28:03
W_LiveChatTranscriptEvent.279,W_Services_User.4,I,2016-08-19 11:03:52,Accept,W_LiveChatTranscript.1967,2016-08-19 11:03:52,2016-08-19 11:03:52
W_LiveChatTranscriptEvent.280,W_Services_User.7,D,2017-01-29 09:57:05,Accept,W_LiveChatTranscript.1726,2017-01-29 09:57:05,2017-01-29 09:57:05
W_LiveChatTranscriptEvent.281,W_Services_User.13,A,2017-03-07 14:56:36,Accept,W_LiveChatTranscript.119,2017-03-07 14:56:36,2017-03-07 14:56:36
W_LiveChatTranscriptEvent.282,W_Services_User.1,P,2017-03-10 11:58:21,Accept,W_LiveChatTranscript.896,2017-03-10 11:58:21,2017-03-10 11:58:21
W_LiveChatTranscriptEvent.283,W_Services_User.17,D,2016-12-21 13:32:21,Accept,W_LiveChatTranscript.385,2016-12-21 13:32:21,2016-12-21 13:32:21
W_LiveChatTranscriptEvent.284,W_Services_User.10,N,2017-02-26 23:40:35,Accept,W_LiveChatTranscript.2005,2017-02-26 23:40:35,2017-02-26 23:40:35
W_LiveChatTranscriptEvent.285,W_Services_User.12,C,2017-01-11 11:07:44,Accept,W_LiveChatTranscript.177,2017-01-11 11:07:44,2017-01-11 11:07:44
W_LiveChatTranscriptEvent.286,W_Services_User.16,I,2017-01-04 09:28:50,Accept,W_LiveChatTranscript.2263,2017-01-04 09:28:50,2017-01-04 09:28:50
W_LiveChatTranscriptEvent.287,W_Services_User.2,Q,2016-09-09 23:36:07,Accept,W_LiveChatTranscript.368,2016-09-09 23:36:07,2016-09-09 23:36:07
W_LiveChatTranscriptEvent.288,W_Services_User.16,N,2016-09-11 09:18:49,Accept,W_LiveChatTranscript.1479,2016-09-11 09:18:49,2016-09-11 09:18:49
W_LiveChatTranscriptEvent.289,W_Services_User.14,M,2016-12-14 08:00:01,Accept,W_LiveChatTranscript.359,2016-12-14 08:00:01,2016-12-14 08:00:01
W_LiveChatTranscriptEvent.290,W_Services_User.12,C,2016-12-01 19:41:05,Accept,W_LiveChatTranscript.681,2016-12-01 19:41:05,2016-12-01 19:41:05
W_LiveChatTranscriptEvent.291,W_Services_User.20,M,2016-09-17 20:24:32,Accept,W_LiveChatTranscript.602,2016-09-17 20:24:32,2016-09-17 20:24:32
W_LiveChatTranscriptEvent.292,W_Services_User.16,N,2017-03-26 06:12:24,Accept,W_LiveChatTranscript.1602,2017-03-26 06:12:24,2017-03-26 06:12:24
W_LiveChatTranscriptEvent.293,W_Services_User.17,P,2016-09-29 18:41:12,Accept,W_LiveChatTranscript.1827,2016-09-29 18:41:12,2016-09-29 18:41:12
W_LiveChatTranscriptEvent.294,W_Services_User.2,M,2016-07-10 19:25:28,Accept,W_LiveChatTranscript.1571,2016-07-10 19:25:28,2016-07-10 19:25:28
W_LiveChatTranscriptEvent.295,W_Services_User.16,C,2017-03-08 13:14:12,Accept,W_LiveChatTranscript.1181,2017-03-08 13:14:12,2017-03-08 13:14:12
W_LiveChatTranscriptEvent.296,W_Services_User.20,N,2016-07-22 18:40:23,Accept,W_LiveChatTranscript.2140,2016-07-22 18:40:23,2016-07-22 18:40:23
W_LiveChatTranscriptEvent.297,W_Services_User.10,N,2016-10-21 23:40:55,Accept,W_LiveChatTranscript.1238,2016-10-21 23:40:55,2016-10-21 23:40:55
W_LiveChatTranscriptEvent.298,W_Services_User.8,I,2016-07-27 21:01:34,Accept,W_LiveChatTranscript.428,2016-07-27 21:01:34,2016-07-27 21:01:34
W_LiveChatTranscriptEvent.299,W_Services_User.2,V,2016-11-04 21:45:48,Accept,W_LiveChatTranscript.302,2016-11-04 21:45:48,2016-11-04 21:45:48
W_LiveChatTranscriptEvent.300,W_Services_User.10,C,2016-12-13 21:23:53,Accept,W_LiveChatTranscript.1990,2016-12-13 21:23:53,2016-12-13 21:23:53
W_LiveChatTranscriptEvent.301,W_Services_User.15,D,2016-06-12 19:06:03,Accept,W_LiveChatTranscript.1305,2016-06-12 19:06:03,2016-06-12 19:06:03
W_LiveChatTranscriptEvent.302,W_Services_User.17,C,2017-01-24 19:00:43,Accept,W_LiveChatTranscript.1116,2017-01-24 19:00:43,2017-01-24 19:00:43
W_LiveChatTranscriptEvent.303,W_Services_User.7,A,2017-02-11 23:28:17,Accept,W_LiveChatTranscript.1269,2017-02-11 23:28:17,2017-02-11 23:28:17
W_LiveChatTranscriptEvent.304,W_Services_User.1,M,2016-10-01 16:19:24,Accept,W_LiveChatTranscript.618,2016-10-01 16:19:24,2016-10-01 16:19:24
W_LiveChatTranscriptEvent.305,W_Services_User.14,D,2017-03-05 20:58:14,Accept,W_LiveChatTranscript.2000,2017-03-05 20:58:14,2017-03-05 20:58:14
W_LiveChatTranscriptEvent.306,W_Services_User.15,P,2016-11-04 18:15:40,Accept,W_LiveChatTranscript.2188,2016-11-04 18:15:40,2016-11-04 18:15:40
W_LiveChatTranscriptEvent.307,W_Services_User.2,Q,2016-08-14 03:28:22,Accept,W_LiveChatTranscript.1492,2016-08-14 03:28:22,2016-08-14 03:28:22
W_LiveChatTranscriptEvent.308,W_Services_User.15,I,2017-02-19 11:59:03,Accept,W_LiveChatTranscript.603,2017-02-19 11:59:03,2017-02-19 11:59:03
W_LiveChatTranscriptEvent.309,W_Services_User.15,P,2016-07-17 02:35:18,Accept,W_LiveChatTranscript.1135,2016-07-17 02:35:18,2016-07-17 02:35:18
W_LiveChatTranscriptEvent.310,W_Services_User.11,P,2016-07-14 08:21:48,Accept,W_LiveChatTranscript.2166,2016-07-14 08:21:48,2016-07-14 08:21:48
W_LiveChatTranscriptEvent.311,W_Services_User.16,E,2016-10-20 10:32:19,Accept,W_LiveChatTranscript.1813,2016-10-20 10:32:19,2016-10-20 10:32:19
W_LiveChatTranscriptEvent.312,W_Services_User.8,I,2016-10-05 16:43:05,Accept,W_LiveChatTranscript.469,2016-10-05 16:43:05,2016-10-05 16:43:05
W_LiveChatTranscriptEvent.313,W_Services_User.6,I,2016-08-05 19:29:51,Accept,W_LiveChatTranscript.815,2016-08-05 19:29:51,2016-08-05 19:29:51
W_LiveChatTranscriptEvent.314,W_Services_User.18,V,2016-11-05 14:15:21,Accept,W_LiveChatTranscript.1528,2016-11-05 14:15:21,2016-11-05 14:15:21
W_LiveChatTranscriptEvent.315,W_Services_User.4,I,2016-07-03 18:18:44,Accept,W_LiveChatTranscript.64,2016-07-03 18:18:44,2016-07-03 18:18:44
W_LiveChatTranscriptEvent.316,W_Services_User.1,I,2016-07-09 08:09:55,Accept,W_LiveChatTranscript.1731,2016-07-09 08:09:55,2016-07-09 08:09:55
W_LiveChatTranscriptEvent.317,W_Services_User.18,E,2016-11-01 12:39:15,Accept,W_LiveChatTranscript.1020,2016-11-01 12:39:15,2016-11-01 12:39:15
W_LiveChatTranscriptEvent.318,W_Services_User.18,E,2016-09-22 09:01:55,Accept,W_LiveChatTranscript.1470,2016-09-22 09:01:55,2016-09-22 09:01:55
W_LiveChatTranscriptEvent.319,W_Services_User.6,I,2017-03-12 01:21:56,Accept,W_LiveChatTranscript.1137,2017-03-12 01:21:56,2017-03-12 01:21:56
W_LiveChatTranscriptEvent.320,W_Services_User.18,M,2016-07-09 11:12:25,Accept,W_LiveChatTranscript.937,2016-07-09 11:12:25,2016-07-09 11:12:25
W_LiveChatTranscriptEvent.321,W_Services_User.16,I,2017-01-04 18:33:50,Accept,W_LiveChatTranscript.78,2017-01-04 18:33:50,2017-01-04 18:33:50
W_LiveChatTranscriptEvent.322,W_Services_User.4,N,2016-12-11 09:45:50,Accept,W_LiveChatTranscript.2114,2016-12-11 09:45:50,2016-12-11 09:45:50
W_LiveChatTranscriptEvent.323,W_Services_User.6,Q,2017-02-26 06:21:15,Accept,W_LiveChatTranscript.973,2017-02-26 06:21:15,2017-02-26 06:21:15
W_LiveChatTranscriptEvent.324,W_Services_User.12,V,2016-07-29 05:52:36,Accept,W_LiveChatTranscript.853,2016-07-29 05:52:36,2016-07-29 05:52:36
W_LiveChatTranscriptEvent.325,W_Services_User.8,M,2016-11-24 04:03:08,Accept,W_LiveChatTranscript.1394,2016-11-24 04:03:08,2016-11-24 04:03:08
W_LiveChatTranscriptEvent.326,W_Services_User.15,V,2016-09-14 16:31:36,Accept,W_LiveChatTranscript.150,2016-09-14 16:31:36,2016-09-14 16:31:36
W_LiveChatTranscriptEvent.327,W_Services_User.18,D,2017-02-15 19:44:47,Accept,W_LiveChatTranscript.2269,2017-02-15 19:44:47,2017-02-15 19:44:47
W_LiveChatTranscriptEvent.328,W_Services_User.7,F,2017-02-07 21:20:59,Accept,W_LiveChatTranscript.1252,2017-02-07 21:20:59,2017-02-07 21:20:59
W_LiveChatTranscriptEvent.329,W_Services_User.20,C,2016-08-03 19:56:16,Accept,W_LiveChatTranscript.1008,2016-08-03 19:56:16,2016-08-03 19:56:16
W_LiveChatTranscriptEvent.330,W_Services_User.4,A,2017-03-12 10:47:24,Accept,W_LiveChatTranscript.1437,2017-03-12 10:47:24,2017-03-12 10:47:24
W_LiveChatTranscriptEvent.331,W_Services_User.2,D,2016-07-26 04:10:59,Accept,W_LiveChatTranscript.1671,2016-07-26 04:10:59,2016-07-26 04:10:59
W_LiveChatTranscriptEvent.332,W_Services_User.10,P,2016-07-07 06:59:25,Accept,W_LiveChatTranscript.1202,2016-07-07 06:59:25,2016-07-07 06:59:25
W_LiveChatTranscriptEvent.333,W_Services_User.19,N,2016-12-27 18:57:05,Accept,W_LiveChatTranscript.837,2016-12-27 18:57:05,2016-12-27 18:57:05
W_LiveChatTranscriptEvent.334,W_Services_User.8,M,2017-03-01 11:09:23,Accept,W_LiveChatTranscript.1365,2017-03-01 11:09:23,2017-03-01 11:09:23
W_LiveChatTranscriptEvent.335,W_Services_User.3,V,2016-10-26 18:54:17,Accept,W_LiveChatTranscript.1408,2016-10-26 18:54:17,2016-10-26 18:54:17
W_LiveChatTranscriptEvent.336,W_Services_User.15,D,2016-07-29 01:46:30,Accept,W_LiveChatTranscript.543,2016-07-29 01:46:30,2016-07-29 01:46:30
W_LiveChatTranscriptEvent.337,W_Services_User.6,A,2017-02-26 08:03:48,Accept,W_LiveChatTranscript.1204,2017-02-26 08:03:48,2017-02-26 08:03:48
W_LiveChatTranscriptEvent.338,W_Services_User.1,C,2016-07-14 14:17:33,Accept,W_LiveChatTranscript.1963,2016-07-14 14:17:33,2016-07-14 14:17:33
W_LiveChatTranscriptEvent.339,W_Services_User.2,C,2016-09-19 14:30:04,Accept,W_LiveChatTranscript.329,2016-09-19 14:30:04,2016-09-19 14:30:04
W_LiveChatTranscriptEvent.340,W_Services_User.3,P,2016-06-15 14:05:25,Accept,W_LiveChatTranscript.1967,2016-06-15 14:05:25,2016-06-15 14:05:25
W_LiveChatTranscriptEvent.341,W_Services_User.7,I,2016-08-18 11:44:37,Accept,W_LiveChatTranscript.1635,2016-08-18 11:44:37,2016-08-18 11:44:37
W_LiveChatTranscriptEvent.342,W_Services_User.14,N,2016-12-10 06:11:03,Accept,W_LiveChatTranscript.1407,2016-12-10 06:11:03,2016-12-10 06:11:03
W_LiveChatTranscriptEvent.343,W_Services_User.9,A,2016-12-23 10:52:14,Accept,W_LiveChatTranscript.1888,2016-12-23 10:52:14,2016-12-23 10:52:14
W_LiveChatTranscriptEvent.344,W_Services_User.17,D,2016-12-02 11:28:51,Accept,W_LiveChatTranscript.1328,2016-12-02 11:28:51,2016-12-02 11:28:51
W_LiveChatTranscriptEvent.345,W_Services_User.15,V,2016-06-09 19:51:51,Accept,W_LiveChatTranscript.924,2016-06-09 19:51:51,2016-06-09 19:51:51
W_LiveChatTranscriptEvent.346,W_Services_User.12,M,2016-08-04 00:44:44,Accept,W_LiveChatTranscript.1533,2016-08-04 00:44:44,2016-08-04 00:44:44
W_LiveChatTranscriptEvent.347,W_Services_User.3,F,2016-10-25 06:03:58,Accept,W_LiveChatTranscript.339,2016-10-25 06:03:58,2016-10-25 06:03:58
W_LiveChatTranscriptEvent.348,W_Services_User.8,C,2016-09-30 01:30:30,Accept,W_LiveChatTranscript.1290,2016-09-30 01:30:30,2016-09-30 01:30:30
W_LiveChatTranscriptEvent.349,W_Services_User.14,N,2016-11-18 00:54:17,Accept,W_LiveChatTranscript.1790,2016-11-18 00:54:17,2016-11-18 00:54:17
W_LiveChatTranscriptEvent.350,W_Services_User.7,P,2016-10-15 11:58:17,Accept,W_LiveChatTranscript.86,2016-10-15 11:58:17,2016-10-15 11:58:17
W_LiveChatTranscriptEvent.351,W_Services_User.2,Q,2017-03-20 19:25:42,Accept,W_LiveChatTranscript.877,2017-03-20 19:25:42,2017-03-20 19:25:42
W_LiveChatTranscriptEvent.352,W_Services_User.11,I,2017-02-19 21:26:06,Accept,W_LiveChatTranscript.1640,2017-02-19 21:26:06,2017-02-19 21:26:06
W_LiveChatTranscriptEvent.353,W_Services_User.8,C,2016-09-05 02:37:10,Accept,W_LiveChatTranscript.1261,2016-09-05 02:37:10,2016-09-05 02:37:10
W_LiveChatTranscriptEvent.354,W_Services_User.15,D,2016-07-22 22:02:31,Accept,W_LiveChatTranscript.1773,2016-07-22 22:02:31,2016-07-22 22:02:31
W_LiveChatTranscriptEvent.355,W_Services_User.7,S,2016-12-09 22:43:43,Accept,W_LiveChatTranscript.708,2016-12-09 22:43:43,2016-12-09 22:43:43
W_LiveChatTranscriptEvent.356,W_Services_User.16,N,2016-07-13 01:18:01,Accept,W_LiveChatTranscript.942,2016-07-13 01:18:01,2016-07-13 01:18:01
W_LiveChatTranscriptEvent.357,W_Services_User.15,N,2017-03-08 00:12:49,Accept,W_LiveChatTranscript.618,2017-03-08 00:12:49,2017-03-08 00:12:49
W_LiveChatTranscriptEvent.358,W_Services_User.9,F,2016-12-11 07:52:00,Accept,W_LiveChatTranscript.609,2016-12-11 07:52:00,2016-12-11 07:52:00
W_LiveChatTranscriptEvent.359,W_Services_User.15,N,2017-01-13 17:30:51,Accept,W_LiveChatTranscript.2203,2017-01-13 17:30:51,2017-01-13 17:30:51
W_LiveChatTranscriptEvent.360,W_Services_User.19,S,2016-07-15 17:51:11,Accept,W_LiveChatTranscript.2013,2016-07-15 17:51:11,2016-07-15 17:51:11
W_LiveChatTranscriptEvent.361,W_Services_User.1,A,2017-01-03 07:49:01,Accept,W_LiveChatTranscript.1121,2017-01-03 07:49:01,2017-01-03 07:49:01
W_LiveChatTranscriptEvent.362,W_Services_User.10,Q,2016-06-16 04:22:23,Accept,W_LiveChatTranscript.236,2016-06-16 04:22:23,2016-06-16 04:22:23
W_LiveChatTranscriptEvent.363,W_Services_User.5,S,2016-07-13 16:53:15,Accept,W_LiveChatTranscript.1691,2016-07-13 16:53:15,2016-07-13 16:53:15
W_LiveChatTranscriptEvent.364,W_Services_User.4,P,2016-10-24 13:34:14,Accept,W_LiveChatTranscript.1187,2016-10-24 13:34:14,2016-10-24 13:34:14
W_LiveChatTranscriptEvent.365,W_Services_User.19,M,2016-12-07 01:33:36,Accept,W_LiveChatTranscript.907,2016-12-07 01:33:36,2016-12-07 01:33:36
W_LiveChatTranscriptEvent.366,W_Services_User.16,M,2017-03-14 23:56:03,Accept,W_LiveChatTranscript.470,2017-03-14 23:56:03,2017-03-14 23:56:03
W_LiveChatTranscriptEvent.367,W_Services_User.12,V,2017-03-05 02:12:53,Accept,W_LiveChatTranscript.204,2017-03-05 02:12:53,2017-03-05 02:12:53
W_LiveChatTranscriptEvent.368,W_Services_User.7,F,2016-08-02 05:57:11,Accept,W_LiveChatTranscript.1502,2016-08-02 05:57:11,2016-08-02 05:57:11
W_LiveChatTranscriptEvent.369,W_Services_User.6,S,2017-02-25 12:19:02,Accept,W_LiveChatTranscript.1719,2017-02-25 12:19:02,2017-02-25 12:19:02
W_LiveChatTranscriptEvent.370,W_Services_User.6,A,2016-08-06 02:29:24,Accept,W_LiveChatTranscript.628,2016-08-06 02:29:24,2016-08-06 02:29:24
W_LiveChatTranscriptEvent.371,W_Services_User.12,E,2016-12-23 06:12:03,Accept,W_LiveChatTranscript.531,2016-12-23 06:12:03,2016-12-23 06:12:03
W_LiveChatTranscriptEvent.372,W_Services_User.7,M,2016-10-15 14:15:10,Accept,W_LiveChatTranscript.1564,2016-10-15 14:15:10,2016-10-15 14:15:10
W_LiveChatTranscriptEvent.373,W_Services_User.4,P,2016-08-22 02:20:56,Accept,W_LiveChatTranscript.1137,2016-08-22 02:20:56,2016-08-22 02:20:56
W_LiveChatTranscriptEvent.374,W_Services_User.16,N,2016-11-17 14:50:07,Accept,W_LiveChatTranscript.1356,2016-11-17 14:50:07,2016-11-17 14:50:07
W_LiveChatTranscriptEvent.375,W_Services_User.13,P,2016-12-08 19:02:21,Accept,W_LiveChatTranscript.2177,2016-12-08 19:02:21,2016-12-08 19:02:21
W_LiveChatTranscriptEvent.376,W_Services_User.13,D,2016-09-27 21:12:17,Accept,W_LiveChatTranscript.522,2016-09-27 21:12:17,2016-09-27 21:12:17
W_LiveChatTranscriptEvent.377,W_Services_User.16,I,2016-06-13 02:06:57,Accept,W_LiveChatTranscript.1561,2016-06-13 02:06:57,2016-06-13 02:06:57
W_LiveChatTranscriptEvent.378,W_Services_User.19,N,2017-01-13 10:02:56,Accept,W_LiveChatTranscript.1166,2017-01-13 10:02:56,2017-01-13 10:02:56
W_LiveChatTranscriptEvent.379,W_Services_User.19,M,2016-06-22 05:31:08,Accept,W_LiveChatTranscript.1736,2016-06-22 05:31:08,2016-06-22 05:31:08
W_LiveChatTranscriptEvent.380,W_Services_User.20,N,2016-11-13 17:31:52,Accept,W_LiveChatTranscript.42,2016-11-13 17:31:52,2016-11-13 17:31:52
W_LiveChatTranscriptEvent.381,W_Services_User.4,D,2016-12-08 22:50:49,Accept,W_LiveChatTranscript.434,2016-12-08 22:50:49,2016-12-08 22:50:49
W_LiveChatTranscriptEvent.382,W_Services_User.6,I,2017-02-28 00:02:41,Accept,W_LiveChatTranscript.674,2017-02-28 00:02:41,2017-02-28 00:02:41
W_LiveChatTranscriptEvent.383,W_Services_User.6,I,2016-09-22 07:50:08,Accept,W_LiveChatTranscript.2015,2016-09-22 07:50:08,2016-09-22 07:50:08
W_LiveChatTranscriptEvent.384,W_Services_User.3,D,2017-03-02 16:33:11,Accept,W_LiveChatTranscript.226,2017-03-02 16:33:11,2017-03-02 16:33:11
W_LiveChatTranscriptEvent.385,W_Services_User.12,Q,2016-09-17 09:59:42,Accept,W_LiveChatTranscript.1844,2016-09-17 09:59:42,2016-09-17 09:59:42
W_LiveChatTranscriptEvent.386,W_Services_User.6,S,2017-03-03 02:51:03,Accept,W_LiveChatTranscript.2016,2017-03-03 02:51:03,2017-03-03 02:51:03
W_LiveChatTranscriptEvent.387,W_Services_User.5,P,2016-12-11 02:36:04,Accept,W_LiveChatTranscript.444,2016-12-11 02:36:04,2016-12-11 02:36:04
W_LiveChatTranscriptEvent.388,W_Services_User.4,I,2016-07-14 18:37:46,Accept,W_LiveChatTranscript.526,2016-07-14 18:37:46,2016-07-14 18:37:46
W_LiveChatTranscriptEvent.389,W_Services_User.16,S,2016-10-14 21:57:21,Accept,W_LiveChatTranscript.778,2016-10-14 21:57:21,2016-10-14 21:57:21
W_LiveChatTranscriptEvent.390,W_Services_User.20,N,2017-01-27 15:39:40,Accept,W_LiveChatTranscript.325,2017-01-27 15:39:40,2017-01-27 15:39:40
W_LiveChatTranscriptEvent.391,W_Services_User.16,I,2017-01-01 11:44:48,Accept,W_LiveChatTranscript.1028,2017-01-01 11:44:48,2017-01-01 11:44:48
W_LiveChatTranscriptEvent.392,W_Services_User.13,M,2016-07-17 19:02:47,Accept,W_LiveChatTranscript.1096,2016-07-17 19:02:47,2016-07-17 19:02:47
W_LiveChatTranscriptEvent.393,W_Services_User.9,N,2016-06-28 10:28:51,Accept,W_LiveChatTranscript.1741,2016-06-28 10:28:51,2016-06-28 10:28:51
W_LiveChatTranscriptEvent.394,W_Services_User.4,D,2016-07-10 01:03:11,Accept,W_LiveChatTranscript.1722,2016-07-10 01:03:11,2016-07-10 01:03:11
W_LiveChatTranscriptEvent.395,W_Services_User.17,N,2017-03-29 02:14:07,Accept,W_LiveChatTranscript.876,2017-03-29 02:14:07,2017-03-29 02:14:07
W_LiveChatTranscriptEvent.396,W_Services_User.5,I,2016-10-31 07:16:49,Accept,W_LiveChatTranscript.2206,2016-10-31 07:16:49,2016-10-31 07:16:49
W_LiveChatTranscriptEvent.397,W_Services_User.3,V,2016-12-14 12:52:44,Accept,W_LiveChatTranscript.1838,2016-12-14 12:52:44,2016-12-14 12:52:44
W_LiveChatTranscriptEvent.398,W_Services_User.12,F,2016-11-21 14:43:20,Accept,W_LiveChatTranscript.766,2016-11-21 14:43:20,2016-11-21 14:43:20
W_LiveChatTranscriptEvent.399,W_Services_User.16,C,2016-12-31 19:21:14,Accept,W_LiveChatTranscript.1693,2016-12-31 19:21:14,2016-12-31 19:21:14
W_LiveChatTranscriptEvent.400,W_Services_User.8,L,2017-01-20 20:13:19,Accept,W_LiveChatTranscript.1241,2017-01-20 20:13:19,2017-01-20 20:13:19
W_LiveChatTranscriptEvent.401,W_Services_User.6,C,2017-01-25 20:10:59,Accept,W_LiveChatTranscript.1159,2017-01-25 20:10:59,2017-01-25 20:10:59
W_LiveChatTranscriptEvent.402,W_Services_User.9,D,2016-11-02 02:16:22,Accept,W_LiveChatTranscript.635,2016-11-02 02:16:22,2016-11-02 02:16:22
W_LiveChatTranscriptEvent.403,W_Services_User.15,U,2016-12-24 11:30:56,Accept,W_LiveChatTranscript.1331,2016-12-24 11:30:56,2016-12-24 11:30:56
W_LiveChatTranscriptEvent.404,W_Services_User.8,M,2016-07-22 10:42:44,Accept,W_LiveChatTranscript.831,2016-07-22 10:42:44,2016-07-22 10:42:44
W_LiveChatTranscriptEvent.405,W_Services_User.3,D,2016-11-08 23:45:12,Accept,W_LiveChatTranscript.548,2016-11-08 23:45:12,2016-11-08 23:45:12
W_LiveChatTranscriptEvent.406,W_Services_User.14,I,2017-02-28 14:37:40,Accept,W_LiveChatTranscript.239,2017-02-28 14:37:40,2017-02-28 14:37:40
W_LiveChatTranscriptEvent.407,W_Services_User.9,I,2017-03-30 02:24:05,Accept,W_LiveChatTranscript.2295,2017-03-30 02:24:05,2017-03-30 02:24:05
W_LiveChatTranscriptEvent.408,W_Services_User.3,S,2017-02-19 01:24:42,Accept,W_LiveChatTranscript.224,2017-02-19 01:24:42,2017-02-19 01:24:42
W_LiveChatTranscriptEvent.409,W_Services_User.16,M,2016-12-19 00:49:56,Accept,W_LiveChatTranscript.139,2016-12-19 00:49:56,2016-12-19 00:49:56
W_LiveChatTranscriptEvent.410,W_Services_User.3,I,2016-06-15 08:15:04,Accept,W_LiveChatTranscript.308,2016-06-15 08:15:04,2016-06-15 08:15:04
W_LiveChatTranscriptEvent.411,W_Services_User.16,C,2016-06-13 04:07:53,Accept,W_LiveChatTranscript.142,2016-06-13 04:07:53,2016-06-13 04:07:53
W_LiveChatTranscriptEvent.412,W_Services_User.18,V,2017-03-20 18:31:50,Accept,W_LiveChatTranscript.788,2017-03-20 18:31:50,2017-03-20 18:31:50
W_LiveChatTranscriptEvent.413,W_Services_User.12,C,2016-11-21 06:19:11,Accept,W_LiveChatTranscript.689,2016-11-21 06:19:11,2016-11-21 06:19:11
W_LiveChatTranscriptEvent.414,W_Services_User.14,I,2017-01-29 07:25:58,Accept,W_LiveChatTranscript.2049,2017-01-29 07:25:58,2017-01-29 07:25:58
W_LiveChatTranscriptEvent.415,W_Services_User.20,I,2016-07-19 18:03:32,Accept,W_LiveChatTranscript.42,2016-07-19 18:03:32,2016-07-19 18:03:32
W_LiveChatTranscriptEvent.416,W_Services_User.8,S,2016-11-01 22:05:00,Accept,W_LiveChatTranscript.851,2016-11-01 22:05:00,2016-11-01 22:05:00
W_LiveChatTranscriptEvent.417,W_Services_User.1,P,2016-12-10 07:32:53,Accept,W_LiveChatTranscript.2173,2016-12-10 07:32:53,2016-12-10 07:32:53
W_LiveChatTranscriptEvent.418,W_Services_User.9,N,2017-02-16 09:12:41,Accept,W_LiveChatTranscript.1698,2017-02-16 09:12:41,2017-02-16 09:12:41
W_LiveChatTranscriptEvent.419,W_Services_User.13,N,2016-07-25 17:34:49,Accept,W_LiveChatTranscript.457,2016-07-25 17:34:49,2016-07-25 17:34:49
W_LiveChatTranscriptEvent.420,W_Services_User.19,Q,2016-07-12 11:05:25,Accept,W_LiveChatTranscript.2111,2016-07-12 11:05:25,2016-07-12 11:05:25
W_LiveChatTranscriptEvent.421,W_Services_User.11,V,2016-06-05 16:13:11,Accept,W_LiveChatTranscript.1211,2016-06-05 16:13:11,2016-06-05 16:13:11
W_LiveChatTranscriptEvent.422,W_Services_User.16,D,2016-10-14 13:19:32,Accept,W_LiveChatTranscript.2029,2016-10-14 13:19:32,2016-10-14 13:19:32
W_LiveChatTranscriptEvent.423,W_Services_User.17,L,2016-11-09 03:02:42,Accept,W_LiveChatTranscript.1256,2016-11-09 03:02:42,2016-11-09 03:02:42
W_LiveChatTranscriptEvent.424,W_Services_User.17,D,2016-08-02 20:08:33,Accept,W_LiveChatTranscript.2190,2016-08-02 20:08:33,2016-08-02 20:08:33
W_LiveChatTranscriptEvent.425,W_Services_User.15,M,2017-01-06 02:45:01,Accept,W_LiveChatTranscript.321,2017-01-06 02:45:01,2017-01-06 02:45:01
W_LiveChatTranscriptEvent.426,W_Services_User.2,F,2017-02-20 01:59:49,Accept,W_LiveChatTranscript.1658,2017-02-20 01:59:49,2017-02-20 01:59:49
W_LiveChatTranscriptEvent.427,W_Services_User.16,M,2016-08-31 06:34:14,Accept,W_LiveChatTranscript.1620,2016-08-31 06:34:14,2016-08-31 06:34:14
W_LiveChatTranscriptEvent.428,W_Services_User.15,N,2016-07-09 01:14:58,Accept,W_LiveChatTranscript.63,2016-07-09 01:14:58,2016-07-09 01:14:58
W_LiveChatTranscriptEvent.429,W_Services_User.2,I,2017-03-29 20:24:58,Accept,W_LiveChatTranscript.1921,2017-03-29 20:24:58,2017-03-29 20:24:58
W_LiveChatTranscriptEvent.430,W_Services_User.19,V,2016-08-30 23:41:59,Accept,W_LiveChatTranscript.1272,2016-08-30 23:41:59,2016-08-30 23:41:59
W_LiveChatTranscriptEvent.431,W_Services_User.20,D,2016-11-11 04:01:33,Accept,W_LiveChatTranscript.1316,2016-11-11 04:01:33,2016-11-11 04:01:33
W_LiveChatTranscriptEvent.432,W_Services_User.12,I,2016-10-03 10:36:07,Accept,W_LiveChatTranscript.1085,2016-10-03 10:36:07,2016-10-03 10:36:07
W_LiveChatTranscriptEvent.433,W_Services_User.10,D,2016-07-17 19:07:33,Accept,W_LiveChatTranscript.2263,2016-07-17 19:07:33,2016-07-17 19:07:33
W_LiveChatTranscriptEvent.434,W_Services_User.3,M,2016-08-25 22:23:39,Accept,W_LiveChatTranscript.1560,2016-08-25 22:23:39,2016-08-25 22:23:39
W_LiveChatTranscriptEvent.435,W_Services_User.2,N,2016-07-12 15:47:49,Accept,W_LiveChatTranscript.267,2016-07-12 15:47:49,2016-07-12 15:47:49
W_LiveChatTranscriptEvent.436,W_Services_User.10,N,2016-06-28 01:43:14,Accept,W_LiveChatTranscript.120,2016-06-28 01:43:14,2016-06-28 01:43:14
W_LiveChatTranscriptEvent.437,W_Services_User.9,U,2016-07-15 09:14:14,Accept,W_LiveChatTranscript.2295,2016-07-15 09:14:14,2016-07-15 09:14:14
W_LiveChatTranscriptEvent.438,W_Services_User.11,M,2016-12-17 05:11:25,Accept,W_LiveChatTranscript.1097,2016-12-17 05:11:25,2016-12-17 05:11:25
W_LiveChatTranscriptEvent.439,W_Services_User.16,P,2016-07-18 10:41:30,Accept,W_LiveChatTranscript.308,2016-07-18 10:41:30,2016-07-18 10:41:30
W_LiveChatTranscriptEvent.440,W_Services_User.18,I,2016-11-02 17:13:06,Accept,W_LiveChatTranscript.308,2016-11-02 17:13:06,2016-11-02 17:13:06
W_LiveChatTranscriptEvent.441,W_Services_User.20,V,2016-06-01 08:49:47,Accept,W_LiveChatTranscript.104,2016-06-01 08:49:47,2016-06-01 08:49:47
W_LiveChatTranscriptEvent.442,W_Services_User.5,F,2016-09-04 12:10:16,Accept,W_LiveChatTranscript.1235,2016-09-04 12:10:16,2016-09-04 12:10:16
W_LiveChatTranscriptEvent.443,W_Services_User.1,V,2016-06-25 09:47:17,Accept,W_LiveChatTranscript.1777,2016-06-25 09:47:17,2016-06-25 09:47:17
W_LiveChatTranscriptEvent.444,W_Services_User.3,D,2016-11-07 06:41:19,Accept,W_LiveChatTranscript.995,2016-11-07 06:41:19,2016-11-07 06:41:19
W_LiveChatTranscriptEvent.445,W_Services_User.18,M,2017-02-24 17:27:50,Accept,W_LiveChatTranscript.1431,2017-02-24 17:27:50,2017-02-24 17:27:50
W_LiveChatTranscriptEvent.446,W_Services_User.5,I,2016-09-02 00:26:32,Accept,W_LiveChatTranscript.1972,2016-09-02 00:26:32,2016-09-02 00:26:32
W_LiveChatTranscriptEvent.447,W_Services_User.4,P,2016-12-05 03:38:51,Accept,W_LiveChatTranscript.677,2016-12-05 03:38:51,2016-12-05 03:38:51
W_LiveChatTranscriptEvent.448,W_Services_User.4,S,2016-07-11 03:32:52,Accept,W_LiveChatTranscript.1321,2016-07-11 03:32:52,2016-07-11 03:32:52
W_LiveChatTranscriptEvent.449,W_Services_User.8,I,2017-03-22 10:19:35,Accept,W_LiveChatTranscript.1858,2017-03-22 10:19:35,2017-03-22 10:19:35
W_LiveChatTranscriptEvent.450,W_Services_User.15,C,2017-01-08 21:34:13,Accept,W_LiveChatTranscript.298,2017-01-08 21:34:13,2017-01-08 21:34:13
W_LiveChatTranscriptEvent.451,W_Services_User.7,I,2016-12-08 19:43:20,Accept,W_LiveChatTranscript.1498,2016-12-08 19:43:20,2016-12-08 19:43:20
W_LiveChatTranscriptEvent.452,W_Services_User.9,E,2017-02-15 22:39:12,Accept,W_LiveChatTranscript.450,2017-02-15 22:39:12,2017-02-15 22:39:12
W_LiveChatTranscriptEvent.453,W_Services_User.5,N,2016-12-18 19:55:15,Accept,W_LiveChatTranscript.630,2016-12-18 19:55:15,2016-12-18 19:55:15
W_LiveChatTranscriptEvent.454,W_Services_User.8,V,2016-11-29 04:27:41,Accept,W_LiveChatTranscript.1222,2016-11-29 04:27:41,2016-11-29 04:27:41
W_LiveChatTranscriptEvent.455,W_Services_User.2,A,2016-11-08 15:29:08,Accept,W_LiveChatTranscript.291,2016-11-08 15:29:08,2016-11-08 15:29:08
W_LiveChatTranscriptEvent.456,W_Services_User.13,C,2016-07-20 18:32:08,Accept,W_LiveChatTranscript.1140,2016-07-20 18:32:08,2016-07-20 18:32:08
W_LiveChatTranscriptEvent.457,W_Services_User.16,I,2016-08-04 03:42:36,Accept,W_LiveChatTranscript.486,2016-08-04 03:42:36,2016-08-04 03:42:36
W_LiveChatTranscriptEvent.458,W_Services_User.16,P,2017-03-09 03:40:28,Accept,W_LiveChatTranscript.1258,2017-03-09 03:40:28,2017-03-09 03:40:28
W_LiveChatTranscriptEvent.459,W_Services_User.2,N,2016-08-03 12:02:54,Accept,W_LiveChatTranscript.634,2016-08-03 12:02:54,2016-08-03 12:02:54
W_LiveChatTranscriptEvent.460,W_Services_User.3,M,2016-12-11 04:18:43,Accept,W_LiveChatTranscript.857,2016-12-11 04:18:43,2016-12-11 04:18:43
W_LiveChatTranscriptEvent.461,W_Services_User.19,N,2016-08-26 01:39:44,Accept,W_LiveChatTranscript.38,2016-08-26 01:39:44,2016-08-26 01:39:44
W_LiveChatTranscriptEvent.462,W_Services_User.9,N,2017-02-10 23:08:39,Accept,W_LiveChatTranscript.1637,2017-02-10 23:08:39,2017-02-10 23:08:39
W_LiveChatTranscriptEvent.463,W_Services_User.11,M,2016-08-11 22:07:12,Accept,W_LiveChatTranscript.1089,2016-08-11 22:07:12,2016-08-11 22:07:12
W_LiveChatTranscriptEvent.464,W_Services_User.1,S,2016-09-07 15:17:02,Accept,W_LiveChatTranscript.1539,2016-09-07 15:17:02,2016-09-07 15:17:02
W_LiveChatTranscriptEvent.465,W_Services_User.16,E,2016-07-01 14:07:26,Accept,W_LiveChatTranscript.1168,2016-07-01 14:07:26,2016-07-01 14:07:26
W_LiveChatTranscriptEvent.466,W_Services_User.17,I,2017-02-27 19:48:22,Accept,W_LiveChatTranscript.1496,2017-02-27 19:48:22,2017-02-27 19:48:22
W_LiveChatTranscriptEvent.467,W_Services_User.11,D,2016-06-01 02:34:22,Accept,W_LiveChatTranscript.402,2016-06-01 02:34:22,2016-06-01 02:34:22
W_LiveChatTranscriptEvent.468,W_Services_User.18,I,2016-08-18 08:16:12,Accept,W_LiveChatTranscript.1745,2016-08-18 08:16:12,2016-08-18 08:16:12
W_LiveChatTranscriptEvent.469,W_Services_User.9,I,2016-12-09 18:40:17,Accept,W_LiveChatTranscript.467,2016-12-09 18:40:17,2016-12-09 18:40:17
W_LiveChatTranscriptEvent.470,W_Services_User.2,P,2016-07-07 21:32:03,Accept,W_LiveChatTranscript.1986,2016-07-07 21:32:03,2016-07-07 21:32:03
W_LiveChatTranscriptEvent.471,W_Services_User.13,L,2016-07-18 13:58:16,Accept,W_LiveChatTranscript.941,2016-07-18 13:58:16,2016-07-18 13:58:16
W_LiveChatTranscriptEvent.472,W_Services_User.15,I,2016-07-31 18:04:22,Accept,W_LiveChatTranscript.1732,2016-07-31 18:04:22,2016-07-31 18:04:22
W_LiveChatTranscriptEvent.473,W_Services_User.14,P,2016-12-02 12:31:53,Accept,W_LiveChatTranscript.1439,2016-12-02 12:31:53,2016-12-02 12:31:53
W_LiveChatTranscriptEvent.474,W_Services_User.3,N,2017-01-22 01:04:33,Accept,W_LiveChatTranscript.265,2017-01-22 01:04:33,2017-01-22 01:04:33
W_LiveChatTranscriptEvent.475,W_Services_User.2,P,2016-07-01 15:44:17,Accept,W_LiveChatTranscript.1193,2016-07-01 15:44:17,2016-07-01 15:44:17
W_LiveChatTranscriptEvent.476,W_Services_User.14,M,2017-03-21 06:55:22,Accept,W_LiveChatTranscript.1824,2017-03-21 06:55:22,2017-03-21 06:55:22
W_LiveChatTranscriptEvent.477,W_Services_User.4,S,2017-02-21 16:35:15,Accept,W_LiveChatTranscript.1694,2017-02-21 16:35:15,2017-02-21 16:35:15
W_LiveChatTranscriptEvent.478,W_Services_User.6,M,2016-09-19 20:15:36,Accept,W_LiveChatTranscript.705,2016-09-19 20:15:36,2016-09-19 20:15:36
W_LiveChatTranscriptEvent.479,W_Services_User.11,C,2016-10-16 06:29:30,Accept,W_LiveChatTranscript.672,2016-10-16 06:29:30,2016-10-16 06:29:30
W_LiveChatTranscriptEvent.480,W_Services_User.12,N,2016-09-14 21:55:49,Accept,W_LiveChatTranscript.1338,2016-09-14 21:55:49,2016-09-14 21:55:49
W_LiveChatTranscriptEvent.481,W_Services_User.17,E,2016-11-17 08:56:48,Accept,W_LiveChatTranscript.2037,2016-11-17 08:56:48,2016-11-17 08:56:48
W_LiveChatTranscriptEvent.482,W_Services_User.6,L,2016-06-30 09:22:23,Accept,W_LiveChatTranscript.1491,2016-06-30 09:22:23,2016-06-30 09:22:23
W_LiveChatTranscriptEvent.483,W_Services_User.10,N,2016-12-20 08:14:14,Accept,W_LiveChatTranscript.72,2016-12-20 08:14:14,2016-12-20 08:14:14
W_LiveChatTranscriptEvent.484,W_Services_User.11,I,2017-03-24 10:15:02,Accept,W_LiveChatTranscript.674,2017-03-24 10:15:02,2017-03-24 10:15:02
W_LiveChatTranscriptEvent.485,W_Services_User.15,C,2017-03-24 13:32:55,Accept,W_LiveChatTranscript.61,2017-03-24 13:32:55,2017-03-24 13:32:55
W_LiveChatTranscriptEvent.486,W_Services_User.14,M,2016-08-13 09:52:44,Accept,W_LiveChatTranscript.608,2016-08-13 09:52:44,2016-08-13 09:52:44
W_LiveChatTranscriptEvent.487,W_Services_User.13,N,2017-03-02 00:38:15,Accept,W_LiveChatTranscript.1654,2017-03-02 00:38:15,2017-03-02 00:38:15
W_LiveChatTranscriptEvent.488,W_Services_User.13,M,2017-01-24 06:44:42,Accept,W_LiveChatTranscript.1406,2017-01-24 06:44:42,2017-01-24 06:44:42
W_LiveChatTranscriptEvent.489,W_Services_User.19,M,2017-01-21 02:59:30,Accept,W_LiveChatTranscript.905,2017-01-21 02:59:30,2017-01-21 02:59:30
W_LiveChatTranscriptEvent.490,W_Services_User.1,C,2016-12-26 09:05:18,Accept,W_LiveChatTranscript.2272,2016-12-26 09:05:18,2016-12-26 09:05:18
W_LiveChatTranscriptEvent.491,W_Services_User.14,A,2017-01-06 19:53:15,Accept,W_LiveChatTranscript.202,2017-01-06 19:53:15,2017-01-06 19:53:15
W_LiveChatTranscriptEvent.492,W_Services_User.4,V,2016-12-06 21:11:44,Accept,W_LiveChatTranscript.2253,2016-12-06 21:11:44,2016-12-06 21:11:44
W_LiveChatTranscriptEvent.493,W_Services_User.14,S,2016-10-18 16:45:21,Accept,W_LiveChatTranscript.2162,2016-10-18 16:45:21,2016-10-18 16:45:21
W_LiveChatTranscriptEvent.494,W_Services_User.19,I,2016-07-06 09:03:41,Accept,W_LiveChatTranscript.489,2016-07-06 09:03:41,2016-07-06 09:03:41
W_LiveChatTranscriptEvent.495,W_Services_User.15,N,2016-08-01 04:02:12,Accept,W_LiveChatTranscript.704,2016-08-01 04:02:12,2016-08-01 04:02:12
W_LiveChatTranscriptEvent.496,W_Services_User.5,P,2017-02-28 15:29:31,Accept,W_LiveChatTranscript.1444,2017-02-28 15:29:31,2017-02-28 15:29:31
W_LiveChatTranscriptEvent.497,W_Services_User.2,P,2016-12-18 12:35:10,Accept,W_LiveChatTranscript.2122,2016-12-18 12:35:10,2016-12-18 12:35:10
W_LiveChatTranscriptEvent.498,W_Services_User.9,C,2016-07-29 08:46:37,Accept,W_LiveChatTranscript.294,2016-07-29 08:46:37,2016-07-29 08:46:37
W_LiveChatTranscriptEvent.499,W_Services_User.19,A,2016-07-10 02:56:52,Accept,W_LiveChatTranscript.1526,2016-07-10 02:56:52,2016-07-10 02:56:52
W_LiveChatTranscriptEvent.500,W_Services_User.15,A,2016-10-22 13:10:19,Accept,W_LiveChatTranscript.1763,2016-10-22 13:10:19,2016-10-22 13:10:19
